"Date","Control01","Control02","Control03","Control04","Control05","Control06","Control07","Control08","Control09","Control10","Control11","Control12","Control13","Control14","Control15","Control16","Control17","Control18","Control19","Control20","Control21","Control22","Control23","Control24","Control25","Control26","Control27","Control28","Control29","Control30","Control31","Control32","Control33","Control34","Control35","Control36","Control37","Control38","Control39","Control40","Control41","Control42","Control43","Control44","Control45","Control46","Control47","Control48","Control49","Control50","Control51","Control52","Control53","Control54"
"2019-01-21",116001.337375621,56702.3606072072,85052.1014962682,291667.92469396,138491.164692099,90540.4796325657,131140.38324122,210658.380032764,274600.219186399,68453.1418549614,169428.380744847,38798.21346864,61098.7127998059,104134.898159526,146922.439217825,53301.5479034237,277165.20580031,92024.7908160873,189347.412774955,57011.9445237035,179365.824271337,75137.420196102,87966.9250418646,42584.2420507577,77647.9595794504,170634.24098213,78583.9327211197,72199.4407429009,91203.6105647302,72539.0920125383,245205.939098858,99174.000477732,91533.8519679532,59460.1869770299,95957.5896424559,92902.6754946159,118020.856715262,43751.3155476736,135534.077058706,123849.423275171,1939.7690575643,150490.910654326,80137.6670037475,103311.573456491,131976.92243043,107413.140163074,106029.815856988,92767.8241219685,99363.2903908931,52994.3109519098,136043.919645959,103527.237398659,84814.6492262586,84232.0488144412
"2019-01-28",98532.0161342476,58026.6879725369,77796.1814736467,314403.478616836,127864.133767596,86061.7891363362,127399.541170343,208523.611257886,266547.23183007,67957.4920179812,170016.991355672,39336.8917271728,61904.5940956429,97207.4389713434,137202.673624551,54438.3650071429,265214.256471848,94558.8071172878,176084.22464871,55732.6612641602,177354.47013883,67783.5795936466,88564.3797686347,44377.6412781854,70772.0312541552,175629.981073505,82352.1998420818,71058.5645401705,93753.5560701739,65509.5326483595,242947.393315907,104080.394491258,82443.7847125502,56759.4067118662,90511.3497216192,94764.9023146794,112416.961539024,44379.0097995533,134294.550542411,133497.646965629,1255.07753404843,156127.276876871,73338.4527433687,105196.295123347,129192.350470089,99869.2958469226,99572.2320910362,90125.7916147936,100619.225247405,51445.28303677,140316.785536848,109328.671802895,83651.9017207774,90104.7558098228
"2019-02-04",101005.931754312,61733.2281542256,77294.0928441504,300392.91510122,135841.313112772,87846.4041831142,124114.887413094,205871.279163694,262136.645420641,66145.5588600394,175371.239750004,41818.0893113395,60298.6845978295,100838.498274592,138629.018820022,55333.2063248013,280574.540751494,102742.880190918,195348.196816796,57243.9686079007,185579.041227552,71795.5669303929,93841.3908612556,44799.5705753708,74007.6730693329,171943.386947405,84068.7554186601,70151.1083007007,104121.992703213,67537.5408585204,246464.705998497,101624.908803016,86221.6586492799,56832.9285697666,89781.8580449248,93901.6554119092,116536.419124388,45214.2087852862,141762.193307118,131022.277216052,1598.45422964067,164799.807886872,84096.0126083884,94996.8587012439,130030.591365096,101801.740108617,114856.540419394,91383.0559286778,102856.146034942,48988.4277891693,144930.320879858,102879.171877674,85142.5172363118,87391.3569398191
"2019-02-11",96210.1400372377,57039.8313893902,76866.1632115358,294465.985983396,133470.504338958,83885.1002484421,126294.370900914,189574.363125681,250076.656089628,72497.0076062349,170715.74358014,38918.0228353931,63260.0579038924,95109.0624328586,137194.09547275,49472.6403245397,272948.969043246,90818.6221337032,184224.766581312,53494.1905046681,181442.87380249,70948.9617321732,86395.7131116158,43335.0352140605,76949.4208382658,153272.056152999,81049.3057409895,71337.0858569075,91500.4124714836,69011.2131328161,253608.318518484,97125.539495807,84897.0344839959,54142.9959572942,86319.6770682061,91479.4156194923,119808.949940512,45405.1809162766,143844.705612886,130445.674098601,1429.38754083034,151467.712730335,84513.5853994225,94574.2815869462,131524.528421103,101277.200921973,102590.141953863,92591.2573801243,96537.4772371173,48068.5112321033,127148.41589792,104643.202127201,84758.1486255705,87945.6724572861
"2019-02-18",104596.124175534,58132.5171603921,76900.240911693,302453.919515972,135953.398382987,89724.5187472117,119719.932869922,190115.110634921,255711.352231168,69293.2007086062,160843.952986507,41553.838285311,60050.2881519206,99492.5680452643,146353.455351224,50946.8602304358,264579.504529137,91652.5087203015,193616.174828553,55475.0179032951,173041.8686781,70532.8389434277,87190.0448303837,43830.2276765546,74290.0926454938,159464.563007684,83657.8333124324,71116.8582214097,98815.0068471165,70518.0314234053,243336.414226869,96364.6449640688,88253.351973484,61280.7850661742,91980.927712131,92522.3058496761,117560.993771393,48737.8924179317,142257.989072207,121459.097827417,1773.67428424396,151493.914846032,79540.6475242089,95072.5399152021,127934.757696622,99080.1839644363,103923.804526337,88954.6990022094,97213.374351358,48001.7360356985,128035.007029671,98968.5346894887,90558.5557897589,89223.0526072261
"2019-02-25",99869.0517568838,58974.6941437507,79163.0340960765,290934.298725321,137701.224550743,82220.0259592862,112167.097914272,191107.203054775,254282.701945448,68930.6590738428,153651.12442516,40536.602621537,62336.6206311947,92291.4821310441,144077.228324599,50927.5895727718,247339.175615665,88805.5570715717,179554.869566116,48840.3003944027,176892.697012309,68994.8082248274,80622.815887454,40869.0223777926,73586.7482491151,166616.131249141,84641.543183343,67611.179233477,96335.3120786013,67985.5914019145,236497.368775334,95038.6203967606,80826.568283555,60875.3713189287,82739.0039960329,97106.4104598592,119384.767889467,45268.8953469486,140634.458515448,131003.836090943,1552.25709792667,147941.684585179,84793.4590018281,95675.0977368507,133815.491955017,106676.198547255,107594.73697254,90741.3002929328,93415.1973748126,50905.0378147424,120512.502447648,98318.3996035504,83116.2162756531,85762.3220751974
"2019-03-04",99106.6914930136,61186.3368973557,84138.4702145371,311457.756628798,133120.323229288,94844.1723446246,128708.099694396,197626.391653415,265163.442632341,75502.1060751839,159048.943879703,41095.1654727725,63835.307923433,100620.027019106,146512.556734447,54872.80691632,277136.378105549,94375.2277196603,201119.657875388,55405.717009897,177160.150900365,70141.3665324243,85743.549202986,43362.9951644467,74083.5024938596,161466.937168881,88859.9095721867,77732.4480364043,90906.9101920809,69874.0392132455,241700.734403756,104447.559032103,89835.3205157998,56920.2378850845,87603.9768643681,103234.34557488,129754.726090619,44022.3787488212,157610.003548912,132218.085383017,1770.46155669173,163517.997496519,87075.6430804276,107494.189031117,136983.293976466,100511.985992791,106565.777791276,88826.2920061589,103266.767986003,52995.477128899,143177.978634937,101785.433699806,89961.3783523467,90426.0593839524
"2019-03-11",87049.7404492911,58177.9198239017,77478.4055306081,306756.827742781,132975.126604009,87791.8708391826,115256.230970625,201482.132725633,270584.570452381,73811.5202158066,173014.603978114,39083.8872781405,59220.2221849051,107321.762087782,146362.794962932,52879.1680605162,278771.532740359,91110.6016105058,174855.628027397,54296.3496512202,166766.352528972,67527.7657429348,87347.3113052128,41704.7151717781,72630.5504355468,166649.39025093,83824.1420875241,74863.8017139691,94452.6477942658,71912.1358973207,226635.709735428,106847.573542734,89511.2078206585,63793.1775951754,88704.1357627593,92472.7639344301,124069.29789953,46273.7535466285,145800.244241837,128528.474899468,988.690340655169,151382.504042642,84284.7606183981,96372.6867104626,174523.107740552,108769.832965991,106099.164711054,84886.9675810641,106384.340321544,54572.5191765095,136589.569510652,104175.320322819,86112.4704222104,87774.8014821683
"2019-03-18",96382.7167406161,57876.814666608,78691.3428691701,282977.739449258,128348.470942609,92156.8778636825,120333.10884861,188977.572444333,258476.424659092,71590.3223153241,169606.406801999,39366.6134302048,59445.0364398303,102658.845236125,149894.601891154,52881.0916162388,275792.29151155,91233.6850565963,195172.328959707,52396.4695773003,172999.17602299,68673.391893667,87404.7349823816,45537.5596063153,73051.581414069,158745.464499213,85503.8255478539,71919.9012818547,97349.2137221085,71960.3524579904,215195.024430191,108858.780310608,87932.3333377961,62273.9073032224,90517.220775682,98222.8768048227,121948.809133054,45734.7391012208,147634.665392509,138209.441419516,1607.83823459518,153199.097605322,83652.361130042,93614.7684637594,133991.133193548,107099.169398479,111675.560198429,86394.4938146328,98374.9450331244,51188.8899466723,130000.727173983,100430.588411234,91987.8296464264,83454.7595072987
"2019-03-25",93660.9565251799,54417.848562953,75893.1462304882,318383.18245901,135207.409707067,90302.0287948763,119409.908642548,205138.141412005,253530.363815625,69365.7281635953,167258.826463826,38558.2534124183,65785.3919339888,101774.405663743,159036.646168321,51934.3866007809,269206.722588399,98644.3109325129,192825.043830706,57545.2699409908,175343.417884976,71197.8974681624,88439.8135433018,42818.3930015528,73127.0997954914,163984.891360314,79395.5931828323,72231.6407844664,97128.3077588805,67937.3307943387,214208.693955768,105149.528624053,94113.637852175,63529.3431898742,85358.7153702536,97208.327910659,112975.464886752,47760.6986611545,143513.196640474,125234.058893474,1414.02334033371,135042.696313504,83275.3325144265,104147.639906221,124557.128879068,107871.293050839,109914.660302535,91189.4011281362,89463.0653113056,51752.6440395077,134092.289212132,98918.3836937636,89072.5935060882,93184.6028719071
"2019-04-01",95974.3983515157,57864.0546965308,79569.5751844823,320527.572788185,134799.926071039,87571.4384330791,129111.233432659,211827.742131037,269594.96164102,77102.6770662927,163826.507714388,37138.5120512509,62615.8936610813,104204.388073702,149993.583356987,50846.6659043099,288284.408024302,100991.903469169,195888.988080878,53620.9053090405,178857.664213512,69328.1829986434,84475.9197615994,43938.7969563872,75103.8314272264,167989.052507751,89451.337430873,74930.8054950504,101955.642555241,76485.4593075522,240235.041328242,104741.741456171,93199.6204057751,61131.0442855387,91017.9422811654,101809.244141665,126830.971935135,48051.5777775403,156179.356531134,127819.764307354,1521.1556349642,161788.834885663,92574.6928589148,105385.162150415,145217.312326619,104871.308450336,104798.256880948,85677.9143566992,102694.769970937,50251.75545348,140465.620830944,104411.733451557,87020.4358965244,90396.1273371205
"2019-04-08",107685.371749195,63638.3119959939,84189.8216812735,309629.764122752,149917.948607056,93870.6244580674,139699.087710358,208541.329624596,289318.728745561,77839.9293930594,190733.870371648,60033.5489268423,67840.1936508853,118935.730739362,157281.124659329,55490.8479931483,284602.971103527,101143.478274198,211151.725679803,56494.9481720593,208241.152411119,76198.0578056942,92759.9219787917,44365.3044188611,81286.4707495519,175018.446307875,95963.1694586223,75204.7871873127,102965.375845668,82681.5882579765,335570.518741204,112722.126551393,143348.635790609,61426.6869814998,96220.7382236459,103425.4881359,129977.349133048,49412.0232989803,155717.237455366,187634.779945133,1701.21983384746,206202.462768453,88577.6503832088,109737.830197166,155004.228354755,111863.39449166,118277.082553501,99721.5525905896,101485.679575474,53371.7567674078,148893.160247766,108248.974112818,89079.3639724173,93756.6149452805
"2019-04-15",130338.260223783,72299.1648450938,103229.646464581,362053.040181606,161477.77515244,100907.328353865,142371.457093187,231497.261070225,304453.163684426,119042.750958524,204509.845821106,58456.3333456124,83898.2419226663,121969.416328086,267588.672529857,60979.0107980532,333888.272840931,114404.586105753,239724.359436141,66809.0363220568,215201.704822072,87503.1924875743,102785.441888165,46608.9604547495,99577.9976782822,195960.294570973,108735.084003406,93116.4066978667,138807.425971136,92570.3769063092,324131.853169381,139057.03117649,102476.70268339,77317.6530442421,146283.448700275,126353.313865083,156190.176224991,60030.2135724372,220120.500612663,182930.926476566,1094.2345332896,171732.448216514,114877.505435056,129472.328296856,158633.674900423,142162.988419503,132617.980330628,104447.924526389,116740.479163521,57543.7442608358,149132.714743355,117250.367741789,101741.565873933,102191.249711696
"2019-04-22",83981.6727753523,46760.7570917271,81034.9936989564,299028.328902168,140025.740174579,73382.9253905353,100278.274218768,184411.291766189,241677.733436884,116175.344948817,150041.64065031,45765.0874879115,67658.8998666542,84170.0958612144,201570.564775367,41322.5893104318,273564.669483229,76181.9702807231,168652.866918031,38751.8228846109,155288.707096363,59132.8609484637,69123.4530042739,25290.1322512466,66268.350458433,145744.756835409,83519.9612909516,66717.0312150745,82143.8646263842,62633.0627868247,279591.435836451,92525.6521232828,81326.5026765128,46008.1278060325,110171.33381204,78781.8572220999,122070.721475489,32536.4891018048,190587.465837946,137486.123040006,1394.35210098524,123698.941001183,100578.884879987,110854.727245053,123980.527481967,93936.1765154931,96607.506995611,80551.3125613214,92178.7317974556,35727.2484895366,118273.531836139,84074.0854332326,71012.7655074976,71161.3422632966
"2019-04-29",79938.6883114526,46771.4866444074,75917.212426312,245259.069560333,128896.062192347,65437.4018068605,95708.3301710696,158274.649540134,211478.035262581,92503.1159332426,143111.687223132,39030.2976111693,57782.551127507,81531.604821555,168951.69603577,43513.491259751,222054.486391885,76866.1005954442,153294.610659579,38616.9475437328,140961.069376883,52446.4299785904,69917.1694829554,33308.8270699015,67312.8024835964,130705.227935896,65548.64737956,91119.1673828202,106883.465949796,62471.2615334241,229112.007827654,83181.5051256357,90548.0486236498,65469.6706040351,86363.1728912185,94745.7311157673,92539.7258373993,49044.7904692831,154905.158737191,116264.884971704,1212.0778836269,110876.558099188,95064.7662864076,113676.409982055,176475.278517781,92603.3505848567,86277.7951460826,98805.2660471329,92200.620516835,38635.6089570857,103685.968966039,114129.051849051,67626.6760009537,69336.6960917483
"2019-05-06",103858.430940676,60699.0886137792,77281.538223302,307257.626611093,132944.494670707,87125.4070938313,126277.175720413,205844.156298808,277834.542452459,75142.0268203662,177437.249128473,39790.1519382472,63834.7787612316,109381.914457717,147959.940266215,50509.7678758888,277122.268811692,94507.894285993,200917.991847833,58750.7657273048,179708.924825358,74072.6632920207,89675.2443833765,43882.4297546163,80139.9190267566,161981.141336746,90767.9041904275,76897.6034308216,105288.858975921,81620.6998249863,243587.305027496,101879.831658116,84555.6372542206,56903.0681466628,113321.415115387,101075.615077285,127108.226099166,49559.3433885478,168547.446243788,126852.222480238,1443.14499772983,147284.771273059,94348.4641593847,98808.1190712213,167060.221796944,114306.757825533,113385.405137489,90104.6936587497,91333.7274748391,51009.4499762087,135675.081600407,106461.559463287,96816.7638311187,93600.7304364824
"2019-05-13",114408.491684301,58372.7544764358,81385.778300539,295637.708131829,133843.967030998,88471.5943826747,137198.240877251,188636.664760696,250979.70288862,81175.2604794498,172046.548970778,39995.6366858711,63710.4560988085,110729.904186263,150332.467001509,55156.4828060768,256462.240185003,101908.486325367,184371.785464894,58466.9748079337,177521.809977519,67821.4746230205,87729.7483693848,43147.9979631757,73784.0328879592,163318.932654202,84379.7305732969,75253.4249365082,97747.8513688528,78374.4918265417,255942.090655466,105232.170082979,90199.1979068208,62032.4441730838,93520.0276363589,98772.2632312743,114087.990520866,46553.8692028376,156229.125242925,138995.229458455,1744.18880602616,164616.545071826,93114.5207372137,102673.061136545,149034.972182772,104262.218271045,109207.088985534,86478.7875229827,107612.338446197,51882.7729189805,133106.477170836,109942.878136556,96698.5646112829,91616.5857833053
"2019-05-20",99407.5401355586,52898.0375802207,75948.212204973,284596.598454099,131038.521826387,82618.6236396257,119555.489003553,200973.977289051,267868.934284702,75419.0140134538,151809.278520282,37718.3818060322,63950.3650433206,103141.027317812,154603.413590297,50202.0488986461,271787.472300221,93280.4370288488,190460.264900737,50606.6036712546,171326.737123659,63767.8593841621,82323.2518506551,41821.7851073858,77675.1237159921,158797.365213762,83892.2538688141,71607.2221081701,102021.870929868,72128.7629550534,235113.61878656,99575.7224816128,89108.7501693538,57723.9196207779,90656.2518134811,87731.8195368846,111282.703825793,44628.3724785205,146622.603364266,126232.930093217,1691.82386391806,143195.272368036,120574.757601993,101472.124958735,135925.433265794,113007.239224646,104361.594197079,84995.179854098,100493.893084796,50883.7489147235,125719.90132715,99438.1410844443,95711.3946082625,91000.2883123957
"2019-05-27",101087.847247142,55372.3507129018,77665.1392864244,279341.291728407,128418.157720027,71759.3464803344,115137.594326698,192437.113952191,244347.734229019,89955.3602120566,150715.769100711,39997.6679772579,63301.7154940663,93780.7747455089,160575.015603518,52779.5520270916,263737.239657753,96653.7082725898,174831.001984489,50726.2886441595,162299.509095884,64723.0736524965,84633.5317110519,42246.6277690829,78380.0184093776,155326.7974543,84258.7636223802,74152.4807649412,93030.6665408482,76579.8456046781,230026.638338428,104901.00972271,92472.8961194942,56122.1017228354,90450.4834993885,93245.6191416068,125120.588472718,49038.1581061084,175935.940146242,130280.102097529,1486.7665973082,142264.049099528,139708.724710882,108722.572764161,130664.937898395,109332.851591657,103319.155781181,85331.4185949135,97660.5908004436,48858.2774206324,129220.725954216,104143.20708464,83583.0774766673,84380.9144644954
"2019-06-03",102377.902257615,56212.3356950441,84441.4062483536,308011.133695298,143065.532929888,80653.0241649285,114435.953617626,202378.759752717,260224.551230953,93840.1778238314,167173.247812823,42752.1177343267,72626.1719106012,102586.80656746,182296.933763665,50882.5351818737,263146.830771087,94093.5897982893,193231.965380288,51745.115581535,178089.217758635,67832.8363214135,85340.7105792361,40643.4711919819,82773.1056967214,171917.633210685,91933.3536709117,74961.5110517182,107872.837835072,73419.3100243723,254125.278303246,104109.240326453,99434.8915805825,58475.8543754577,98513.1618075563,100896.526020356,125374.760643758,46366.6894328,171382.536273266,139218.44906768,1241.37123623731,141925.139958912,145916.305969457,104183.03665804,127738.224148655,106661.923609156,110337.922720929,87218.0380390494,97112.8507853775,50627.0780577306,130996.333052159,101930.205669571,87555.9462501622,89524.1736639132
"2019-06-10",88863.3937075462,57396.2707031711,83692.2439402356,302565.871678455,141883.311968859,82111.6829789443,109565.085832556,175810.187089249,240128.155597493,104889.44715534,153370.152406213,51904.6504167711,73340.3553577529,97051.0358179862,207521.28258091,54047.9063415209,273499.167728265,95160.4701952477,175879.95420516,50076.9542742612,175012.421996372,68370.524182037,83872.6622122299,38708.0221176153,80968.1795753499,154583.003317185,92219.4858345473,76755.8821580013,104940.198596172,76561.667083551,235619.488081287,100754.592684612,92034.7702726287,59908.5013629659,92449.0451741568,89596.779058653,116528.88354275,41909.7132521723,192885.767646069,131088.12851077,2337.54009168567,144399.262009109,122016.484944863,105137.069636282,123733.012566837,103186.894661523,115481.502476509,79254.0732803638,94518.7479466788,47397.7090377845,125620.170466031,97094.5476854907,82915.6001597626,80485.3208847387
"2019-06-17",102090.507953579,58412.9055612124,81343.0009981678,299455.427886777,151619.730473079,76438.6066736461,108248.137359288,182767.857926676,247740.209106411,119278.26479504,158341.168549381,60410.4197510496,78207.7062598794,101553.011845393,236061.331274293,51241.5619998165,271301.48061496,94571.9774516831,188445.591042464,50990.6979843819,178233.990675102,65326.0802238886,88113.5688981105,41185.9597886939,83609.0422861925,165995.147914407,92365.3496056195,76908.3082470744,106340.07200671,79776.5041268467,252264.409705915,109368.535742115,102380.793201894,58883.3555639339,102137.11847452,90641.4161833396,115431.140383305,40146.899190933,205676.814597544,125098.602167945,1351.11174083401,133774.714475001,112532.321446238,113662.645758628,130431.771558482,106560.879896858,114659.571801628,87643.601303326,97234.6365532253,46265.8894026029,124913.567061371,101113.882996535,89113.1954373608,86264.4068322395
"2019-06-24",100314.369197844,54360.7110667769,83422.1629700432,334288.517811698,150691.03931298,73524.5143514443,111808.783276839,186839.174014397,258627.85511958,127514.579931801,173249.023973524,56973.3137856428,76836.164435873,98523.5490668854,244823.882295838,49441.9027487643,297794.186945759,96963.4611249848,176926.654328788,44700.3337358569,170078.527892832,64207.6785520142,84128.9721748451,37249.0031603088,84952.824423905,164567.101912579,92921.955540412,83506.7295027854,107698.183583866,72852.7206991713,250806.319656789,123756.69263959,105354.315455651,62156.6297236964,103122.738719205,91921.6556131393,124710.342751891,42608.8340971345,235712.321241464,148496.870394636,1599.05420940566,118244.316752393,101621.762277736,116335.525304737,131039.12761161,101908.671432183,123189.074029753,84898.7707981269,98851.3215329352,44874.2123950635,133050.913094317,96734.5790871511,90485.8714747764,81443.6377740771
"2019-07-01",105116.955303432,57193.4271398029,90533.626755463,324182.153066519,143298.13366355,75572.05602834,117291.803985322,188768.559159096,245178.35347753,150657.154433904,163887.069810717,72360.6905445275,88543.9320557801,99040.3945395839,280123.09967208,49385.1417237006,290589.036655473,98940.117817384,192395.711131333,50849.5034571899,186741.26696228,65692.6332536119,84648.3546412485,41145.555772909,78413.4913331886,169364.344707788,93405.544800437,82255.9377235095,109148.076461538,81939.4684866181,257354.693897915,115455.128650893,99557.3365356011,55550.1489174342,122796.098771335,95852.7113193758,126192.35352805,44821.772116149,269738.456897894,134167.313906671,1412.22098974973,129370.871530762,108097.233943818,122028.834367709,126628.152277532,97569.387308532,128432.422151796,89411.8293059145,99230.6146211911,47809.6225813594,134193.321116315,96695.0700411179,86305.0482651478,81042.9597780686
"2019-07-08",89609.4512785869,57010.0934927556,91534.0597970292,302177.240075406,134589.148100117,74811.3085609039,108174.917867206,168068.13670953,228350.347273448,150148.821984863,146629.192265307,68560.2945698545,80785.3467028813,93841.8641466246,304608.153285644,50596.9734022149,306054.891775823,93836.1028158586,174330.554079484,46724.0309390347,161817.353791379,65747.0054940492,77389.4777716895,37899.86057679,80745.6621667636,156354.629941387,92446.403945423,77697.9535559156,101016.11802908,76224.9156444426,343065.639249985,113876.188545073,108194.275325862,53782.3318891208,126462.243007273,87623.3873068743,115482.772834612,42184.247360104,250382.173030942,133063.689783197,1338.61278581711,131061.649947701,109959.967321057,122606.326916741,141255.674898772,96380.8094508639,108532.921566409,84522.3849582195,91139.1435466625,41578.2568785164,114887.683220122,93197.618531574,88519.4380862434,79966.0213253425
"2019-07-15",100107.232035802,54984.700792429,90995.2320985269,307489.536466843,130185.93238662,81576.5108081431,111146.235907629,174846.233973524,240274.997394607,151867.341460549,161027.999943021,74217.8586496871,91744.9626759937,91224.2087744299,307275.455689373,47959.218802471,309328.47623689,95678.733167797,177451.90692668,53388.2667115443,176156.241902353,65163.9231018451,76855.5559253443,36978.4344489321,80427.4305110378,154949.467822238,103188.096882151,70899.2926929852,113358.078720103,81641.3512066854,269661.111746064,117074.390757141,100470.760295537,53593.1148595572,126802.452757766,89506.6160194451,118090.688084028,42261.205061208,245265.59421827,142324.426618722,1888.92647969167,130927.119292162,121820.561037746,118371.037742665,136911.447914726,104040.898009233,113206.320819747,84157.8558902287,97065.049097328,42813.8970933549,120506.643753521,94688.0629408948,90866.3410048212,80820.231338361
"2019-07-22",99348.8344616339,53190.1123019783,88237.6172551531,309652.234993003,145016.844494933,77492.2825683873,109568.37713761,169505.663072688,226041.710324859,133681.458208057,157983.539944908,74217.5435789084,91667.1678913531,88894.6400642461,313464.029106484,48720.4928008186,303550.276392539,88857.3659240911,180455.939945655,41211.0985874542,149176.419253366,68860.5122052665,81716.5301146469,35560.577322534,84505.4411432687,154938.587312333,94358.7212582583,78443.1651800797,111398.847049673,77759.0581086696,258172.510556532,111603.231798109,100485.83043253,50743.485467775,118482.625524559,81193.8088735872,118553.841607588,41186.2915394572,262803.366726127,136394.769815256,1151.86964475689,132478.137021244,125913.056039453,121498.828564982,113279.557759916,99898.5301492454,117821.766147513,83055.1781984915,95371.2351838891,40903.33193342,124235.417413028,91605.9651068589,84118.1210049969,82191.1231433556
"2019-07-29",93334.1492737641,53488.950060894,93342.6996380504,294622.176265148,136949.352010775,81880.704632261,105913.175885076,158231.346868342,231246.883465673,158605.061774693,156857.031302737,80379.4767322219,88032.2537715873,92418.2409035468,326254.064751472,45800.2090946454,295953.835823169,81904.8894477599,169735.611192614,53096.8458740265,157714.636774266,61306.014075299,81089.9135329568,34758.7384101281,83731.6112918416,158808.32871296,100426.228634274,76676.0063974991,111260.619115232,79355.4919386402,254502.38836878,122225.055763466,104524.008412918,54955.4455542644,122801.932760327,96178.5888911658,115307.041753955,41787.9196405613,265667.510044632,134886.319018319,1251.05261662308,121795.195798348,113207.893840982,111443.12987766,124726.409049198,101559.517543913,120672.836598215,81612.1331532615,86213.5260796495,41807.9500311309,111359.58362516,85872.6632857672,74755.1302222127,76370.385319673
"2019-08-05",90269.8054431684,54993.2988980062,88422.8589516322,281784.199751181,143738.159847554,68488.1380381095,95456.3585665383,153197.277994415,212151.070057547,178678.809298588,139224.577830073,91089.7781878787,89841.2413749108,84306.6908467008,388377.342353933,44245.5638042369,307508.559251401,76788.409874746,158273.09019456,49590.3703282772,143041.475206697,62591.8179484231,71151.3552072476,31987.2882344091,76919.5203745431,136756.245792109,106537.435573616,67352.7998626293,105037.198510796,84585.5261592479,249561.215876042,111528.252351019,100064.666936058,47251.3967066061,146300.969721442,85742.690882963,109585.338433755,35297.4423317578,278898.030254983,121527.346271361,743.24720038418,104021.755694626,124257.450215948,111390.907174891,116694.49436482,98554.2718377977,120567.852120232,71418.7536146381,78612.738200475,39853.6085783369,105857.046336217,77399.4087716208,64742.204035963,66201.3033163612
"2019-08-12",86221.1868287766,53579.0714864085,89892.1967099813,282417.931340507,143790.116824943,68005.0987963844,93051.5735284117,131635.399012295,217835.246591628,194459.649494965,144655.351032947,93714.4735467334,101075.244744834,74166.661277221,396355.754095168,38928.1349606553,312137.620348988,67506.6503126616,157084.119790185,40838.871502867,134086.679361138,54232.8855927364,65380.5781861301,23720.7110962193,81265.5200145535,143940.019203784,109775.801769709,75865.1700217076,118749.676433111,78394.8230247097,233935.073357303,126176.622191657,104019.281373514,42276.603869316,156925.999733746,91114.1474182714,109546.257881298,31526.210679469,293023.571369649,147321.925902505,1072.10639274243,95792.7644826009,138050.039564701,113667.028547849,118556.524273938,100699.643128509,106864.193217406,71410.5456571547,85222.5445868568,29737.7701613438,102498.46600467,74192.0034953976,51994.1770889465,52441.7413713495
"2019-08-19",84815.0352419869,58978.9652007273,88393.3573152276,289049.741271587,137906.898633824,68699.3664769352,94635.4446569175,150527.265921145,218822.689130066,162227.731589994,143250.682033963,81829.7183338879,93339.2743464934,77900.2532568179,329782.265580962,46441.5451420283,284455.166324204,74129.4747488337,158726.461979101,47970.0515691152,149942.923136033,61469.6614479289,70087.0269560769,29570.2490326504,76967.0023052817,145968.244710509,100200.69033231,70384.1349962728,111978.287786204,79354.6917541151,231793.72443457,118531.898213801,102744.760949502,50944.0230688681,139580.357064837,84191.43745799,116518.869990968,35163.000111933,261796.060698183,116974.191595581,974.129439471817,103904.355991103,116009.552041475,122628.015728286,114380.375547685,96051.1647531134,113003.348694395,77236.6315329876,79457.1095292913,37113.2987454196,112888.320853518,82032.3617383615,65735.448067391,75039.0407210105
"2019-08-26",93643.0067303626,52533.3221320572,83725.6374335866,288188.193703267,128882.485951215,72085.0610259161,100807.210342843,173616.019749959,244743.328470781,135263.914068692,151735.576108842,64568.3764645751,78327.8942556157,76521.4836413944,250206.805729886,47114.0032018132,270414.90931418,85969.5949415509,163437.509514258,42132.633415392,157302.488797498,58254.5337929252,72510.535104293,35911.8459876296,79991.7875770811,148186.14658056,86780.1941581312,68567.0066063511,98638.7452337843,74874.123165886,238777.901297742,105223.59230125,89794.1528325073,52743.0608553358,105397.522732678,90510.7590860999,116965.089947981,40731.096649086,206190.067449676,127477.228709089,730.570740787529,129915.831184353,105972.74367673,114824.282406311,120502.486134993,95912.8331830373,107175.952381085,85900.2783370534,93516.0611642644,40295.5331095363,108506.500127149,90631.6363092736,80783.0906637877,76670.4823097285
"2019-09-02",97965.2529384107,52076.9100382472,78093.1091859231,300133.265270509,136467.35522718,87435.3653081506,122842.182910244,199599.387597625,257883.07213875,104482.053454347,159285.546296358,53160.3134032491,72970.0916945077,93015.8741737303,212103.894855044,48150.5129396416,288757.079385817,98123.0376936113,184761.387468379,52959.3748376336,173486.188518203,65827.5618739367,77100.3273873174,38357.7891179323,75335.592032634,175210.165824151,91655.1846200067,76824.8977241538,109880.818812694,77262.7480225851,249721.873845908,103369.555323696,101844.07688286,61323.4227552948,97462.955030653,98160.9314187225,118569.218638475,40975.7453847182,198840.64641417,136387.293430776,648.948014250577,151638.462459129,101855.570675844,127161.758349264,114742.33274564,99556.1713989803,111733.237929079,94096.2798487743,97716.4264395637,45944.8923931422,134764.830372896,101858.061418977,93594.7819871775,84300.7162518632
"2019-09-09",75068.7078881909,52077.9444801806,78350.5105417297,309686.33519804,136146.778998922,79920.1440849779,118969.898891317,188564.006773996,266881.829214297,94265.3232094174,162120.913575572,45024.9317619358,74261.717905551,104450.227952975,186930.467307101,52670.3411927011,255561.066358972,88101.0481394778,188482.356249456,53696.706668729,172411.35038586,65229.0693180692,82375.6437124558,39195.0597128928,73876.1875778256,168167.834063967,86325.9878843432,73388.6385393729,102473.097600533,84871.0642974283,268831.492336408,110308.279175546,87325.8249379275,56625.2918630788,102334.658295159,88397.1471208729,119437.334888761,45843.0634781115,168035.811241287,135741.515740512,1319.49307652574,131145.041298493,95060.2515896737,108930.197477932,118088.894021546,98872.4909889531,114108.522931491,86660.7476552236,93969.0486664648,45325.7162967645,130915.052216952,102443.338846846,89032.0313772154,89071.0272278327
"2019-09-16",103007.318068132,55727.9261769255,71835.4732520914,312145.462595167,142007.365463703,73582.0354048717,126269.987898811,178777.848184563,276226.111888513,90038.4531780917,161850.976844445,43105.1472582436,70882.7645648849,98114.0668073649,189475.707065264,49878.0956543088,277060.860548319,93146.7841100554,186612.09834004,51283.628672238,183967.295736597,71053.9699726894,85051.5515917049,42310.5494917761,82577.5729838705,172215.474214047,97220.1346088229,70571.9881772431,97783.1650399448,83014.2092843825,259596.302277155,101412.374874011,94267.1842573876,53221.0178340757,94225.2711070221,93801.935444057,116598.795711366,40561.0968977186,165977.595576027,128406.586913701,1647.98635772721,132438.476752502,93977.4429880485,111652.244949273,118320.487669342,101568.39369051,108922.017856376,102229.480490285,93687.9753349167,45150.2315687122,124505.164561943,99988.2371762102,92046.2184567971,93037.1665408965
"2019-09-23",88807.8756140625,53810.2127556154,71663.024269176,328109.80161648,138597.22784773,82324.1732181985,114909.806986329,184840.978056291,264125.943123978,79254.596928059,152823.704589264,41260.4463449661,60818.6949628465,98233.1632624893,179684.975975276,50905.2341844269,271532.991562886,90964.6354482417,180199.68011863,53874.7187569052,177659.053378362,68734.0000777817,81090.3014689912,45654.1426066972,63502.3027651912,161488.187520437,84682.4313458851,71719.2717280646,93666.0054922097,81752.8105475273,212636.891896982,93468.6888772843,89280.0961406759,53774.9002342631,84811.6562645457,89926.23642764,108338.686685136,42002.9584511625,144392.94396443,127977.013077995,1085.32438492013,170348.020708208,90058.6821943691,99230.2343468043,112954.709059233,102677.91796948,99850.6691270711,99001.2975551132,87965.2033262258,45304.8634062951,121325.247410797,96335.1228953378,81623.7629090115,86845.3655286412
"2019-09-30",101707.464957628,57150.135895244,78113.2115163223,315479.749086592,139716.468458405,80643.51955629,125398.334583173,202155.545081606,284931.300521973,78440.8205208717,161328.866166815,44828.2046544625,66202.9681133848,103205.613497055,176841.881126446,51870.9623680433,263436.827309755,88268.9680467125,190921.326056927,55172.1422119992,165738.435263216,65890.965588802,86275.1455707133,42690.0283948517,74682.0324267799,170729.401985428,87822.6156520656,71638.4130758688,101151.37940459,79195.0214527063,240078.928830915,106416.377196262,90655.5093178069,56170.6216913679,98666.4066306686,104351.806738149,120923.422734048,44790.0613512421,148370.130074402,125299.498253408,1847.86143849632,175047.916988493,94446.4204511504,103779.372724439,118391.244874376,97816.6949805794,108590.015545128,98153.5414268557,94407.4503496377,44518.9360818362,131941.863125464,106950.105078535,95316.2896948989,92892.0772249236
"2019-10-07",88197.5039449498,57341.9704151701,75683.6663950581,332030.332108126,139327.178703774,83969.6107542244,113876.172841684,195116.852035941,264028.449681071,67931.7805539717,152424.573060625,42287.9017534938,62747.7844512758,97411.3764704164,164161.986035766,48565.1558659481,259794.126695294,95604.9371376495,184210.472592941,51955.4206589556,169799.548513863,63928.3438921752,86801.7258416467,43036.9784990917,71354.4872955315,161123.734944926,93624.476344695,67051.9909298237,98448.9379236054,84512.4351191772,328859.658706601,91952.3329628753,85485.7406723337,58696.5899611281,110931.229147925,95075.8837510182,109569.665709898,43034.6029747416,148828.70759156,128732.116891841,1541.47024845834,149774.697308348,95303.2953670364,103910.776280299,156988.673645623,103773.227282377,111937.609781131,91514.4780211547,88613.4108441995,43838.9498254377,116577.197056244,111764.358564493,84988.5684922504,95852.6872458543
"2019-10-14",105588.151458893,54955.6908269533,77250.0717831543,328762.822960528,134412.386390806,80972.2010738146,122410.723589709,198449.00712699,285652.120453443,75529.9953601431,170209.73745841,40466.0866685337,59254.219525187,101398.404650188,153940.161807907,49592.2886926346,278961.581575874,94038.3007415674,189005.934742774,51517.927378879,187300.660233269,71435.9563105567,91687.2611222515,46292.2383757198,70096.2385117539,171457.743567887,85369.5401465691,74856.9833928273,97065.793675315,82303.169599102,272290.018794363,100403.946198623,88920.856291699,57361.2781099427,101623.046209507,89722.6290175648,116208.852062605,43997.655577382,147125.627706376,127083.700360316,2530.38625168088,151538.533915236,94422.7491008954,111654.164896454,143118.70675927,107151.14881092,111333.295771021,103200.793933325,92846.2229763981,44746.4198978654,128933.982396037,112120.16805303,92940.9931622985,89887.090059587
"2019-10-21",101333.951814065,56951.2901235799,71974.085569621,296345.205047941,125303.902973295,84137.8971361474,119852.849239252,187293.779721603,242289.68291247,62382.8172031934,153506.405079682,38041.9116872333,61877.5098363703,98034.1043291015,137931.872427252,48613.7729378481,242592.018959688,91588.0976168837,180256.297138146,48934.9465111397,173341.91053832,64069.4751003071,86393.1797255086,44882.3885090289,72063.6957422233,162379.787723521,87406.8434775684,70044.0326964569,92678.0340605884,75875.3984012453,233010.913927602,94425.8874508248,80652.9601709914,55096.2131309647,81864.8885605651,93477.3669611949,117034.290606318,45123.8225015924,139160.031612529,125825.723349588,1444.65441152333,142567.41344235,94987.099166795,101646.272282159,124442.859522551,98026.9606652836,103132.495023292,90839.0532091966,92066.5270725065,44932.8970225447,118003.165311228,104867.578263165,83362.12741685,90343.2604430354
"2019-10-28",100596.330718812,57167.2341813323,78733.313530164,320829.916048533,150820.947531735,85212.2038241127,117360.741624814,195853.390084438,261838.669223605,71359.2091424764,158526.666789383,38928.5324028932,65281.3949740994,103564.163226709,161877.613462051,50414.6260119267,253490.748735988,92717.1118682604,182863.788968057,52029.1859426558,183855.709058369,69336.1787724363,86652.9305538805,43570.7570054368,75197.6001655467,165858.452941547,87481.3112290798,78126.0272637349,99019.8764850445,78990.5063120605,251884.108069696,98092.8627841054,83112.8176725722,53349.2611963035,96113.3829027802,93816.8545241003,120995.985384185,40310.3224401784,140190.336261294,128220.061159545,1663.46741430138,155313.639230513,91261.6111185211,103010.943297131,122969.926360764,107733.981699174,111081.500294186,91617.0954943521,103356.507765134,45918.9466743575,126708.023263211,105834.121435142,89952.6601494307,89127.1965388019
"2019-11-04",99145.9569734733,57581.3394436356,78502.9021770035,328058.431738226,135252.801118361,89784.5523735813,121340.621286358,210174.789777915,276321.528032193,71628.3584699046,164652.831138469,42369.6924720878,61562.2003616033,107942.891145634,149362.59126365,52323.2150348385,288152.448898661,97919.4706396049,178263.38874858,57392.9189008162,184712.893247909,68960.39937615,82296.4883022031,44671.2485217361,76729.4150245695,163652.110985605,94347.8669921855,74527.8388743737,98568.5000711223,79196.5882806857,232558.738976083,102153.210988355,80452.2567635202,59349.1696484979,95819.7721555825,96987.3255255623,122018.799649642,45618.0207724182,134559.878697322,129763.685943656,1830.46347142624,171246.04977307,89099.3084045229,104639.231335277,121894.099388426,117011.362484547,113042.303724316,94518.7353167742,94767.5912579377,46530.5141713545,125711.75800693,113800.502690752,92056.4737941046,99457.2410058637
"2019-11-11",105623.426176238,55039.4454496909,79413.3836052362,341473.576899024,132432.797712796,87678.3962971375,128375.376657758,189314.937691335,263598.020475672,72523.4414887874,167893.140833447,39751.7325888225,60991.5353655326,107550.40151934,148769.245238501,53151.8439774697,285645.677202322,94002.2152441431,189439.742431014,55011.0436754146,198835.80588455,65458.4070169462,89605.6204440449,43076.7648682265,73235.6155492489,174407.73641092,95957.1973853096,74961.9821102672,97250.8469887247,78023.8106127482,249120.972703459,94141.0329032823,80289.4496310529,55688.7512775086,92971.3427386026,93930.6559622807,119831.741280105,48164.8887093793,133581.193028044,133461.814197171,2192.65520990767,160871.980230836,87043.9745154564,109413.245264943,133247.616014393,112434.637282268,107544.406495887,100489.080382368,102369.583048002,44540.3356120654,127225.629443591,117402.839394723,92629.1654852502,97288.1514411233
"2019-11-18",96783.6999315798,57741.1254670768,72755.589426826,355132.543525957,120823.935116313,70907.0294497462,126577.312059662,212553.685570713,258619.335274308,52537.9145076016,132442.294459296,38983.6428801125,60367.5772326982,112173.626682577,146615.574643071,52549.2490049398,281776.62343596,105443.203886092,169248.596167331,47709.3820723357,183440.562667328,67182.1444234361,85009.6419017467,41296.5767426229,77805.2633082915,182108.445172157,83822.3842130867,66464.894830268,89782.756570716,76442.2886603004,251258.709753646,88661.6148131629,78835.6654055165,56240.2924135715,92259.3916540797,98799.6778543959,120287.31255428,42573.3859294622,132306.038678955,143685.198440372,1569.5731105378,150078.958107286,82693.9459050576,111993.408702009,105015.341590586,110599.241263192,105966.622777844,88699.9480794084,102230.71574794,44092.3829477795,129984.351782744,114206.457335075,91111.4065144587,102075.558265565
"2019-11-25",110159.168913959,63804.0120108145,81488.1529459584,330402.570937766,130262.898076557,96730.7723109008,128270.248034103,221911.25602493,286976.6518878,69821.1500269594,189978.144944542,43287.408151521,65418.4167295909,113314.52301474,156939.529170317,53379.7100517626,286272.905205719,99262.1410916988,187993.420461809,60833.1821047707,206641.376833731,76298.8918712418,92792.715693581,44237.0761977437,93288.0965142755,180842.650867001,84694.7743296977,71849.2345121714,99656.1745875235,78492.8632292637,263475.010943156,95483.6856296967,89124.307759959,58480.1955434958,102760.922119477,97075.3818068665,121388.772855211,52040.981613274,142799.028637123,143733.260618501,1841.67573553543,158491.343997463,89715.5585585276,104265.647678262,144926.458671917,110427.375083713,106422.134670893,110416.977752246,97034.5579355706,50325.9227785646,137859.132701513,117017.179207222,92768.5923499863,105887.500101644
"2019-12-02",118637.172375624,61055.5475938536,78104.4858128162,356229.372528095,135925.055752613,103410.143608643,136185.730620899,221245.418883371,321756.028975536,68888.6819117396,197115.902472038,44542.342726354,67295.2843629273,127294.501561051,162168.514731472,57561.6251438377,302965.866255488,108356.07210921,227237.821894366,62719.2263486632,222930.265478612,81553.6920405679,97897.508137546,49408.5098295734,101564.012552898,180783.99759833,90364.2218704645,72666.8368137964,108643.268864227,93666.2087827661,274147.039360357,114140.318995016,90577.6546391773,60183.4497717406,100812.652984713,108719.361622194,131316.039372363,52818.8928370476,151294.757952629,144743.182321042,2507.7145577548,175760.571326796,102270.627517006,106679.649911813,150261.449117617,124844.507854074,117565.555701661,102569.438648829,110226.926834642,51650.0012943579,144243.757637314,139550.551108147,102213.491761756,117394.224252142
"2019-12-09",118217.630030153,63629.2655014045,89024.12138191,376275.251160017,147653.525389744,101462.757340967,139829.306786392,237826.979854131,306561.997542783,72463.8695796541,186332.895641559,40730.2250944574,69489.2160138694,120423.48834301,209897.114205136,58135.8656751535,303918.045792616,105494.288456422,197714.301193735,60987.1949807206,211860.520326443,75944.2209415378,90010.4657325808,48852.2607638961,97480.0229346252,188203.907438747,89936.9878678321,77391.2155259118,104437.880421082,89298.3585617746,280533.157789778,112999.195647105,89324.2017700449,57984.9439510317,98883.4134415957,107046.819129722,136399.438144434,51284.9248160152,153645.233962793,145349.101748755,1638.89625088785,169471.21639963,102588.062479144,112683.621264094,148081.760789489,128225.3033767,118133.011972573,120848.853929665,100460.267544208,49809.8350728404,150368.758562017,124526.5015011,93424.6118169047,109586.258336304
"2019-12-16",118883.801190186,67089.743530287,84756.5193914535,424542.039895768,134588.856667072,103857.134477392,142218.95497957,233311.359419979,320299.160270706,71833.2741965739,183291.950903597,44018.7922301937,71201.9527561277,137040.966984896,184687.561877688,61058.2803872215,304977.079512049,117206.600283252,209931.605712653,66000.7635847593,231612.618329008,77752.4313110385,106499.043435851,48665.1409237541,99800.7677497061,194228.144876497,100082.978738753,77839.3427751482,112013.365493381,88572.4899938861,338658.481024404,130023.17087688,94647.1144437594,63894.9997045329,114003.38216941,127981.193181466,138041.817358472,53710.2098069717,164601.707901725,169909.46986253,1926.9891256588,188066.457910782,103433.452706622,120878.803271223,154108.15798373,143672.789652603,130949.150319521,114439.446018829,112009.972706563,48462.9508018318,157309.683920448,133146.90276479,104494.703725444,107806.594580338
"2019-12-23",99057.1954487039,55297.8529620164,80657.646150821,320403.529625579,141363.47019875,88235.0153013075,113260.507981765,192065.423950399,267903.140792338,79074.7267924463,158229.382935254,45391.0725930516,67547.1737648254,89297.2451888525,195194.501988168,41816.7125746917,288729.959991699,80330.1545968368,177159.188936984,49139.7656378919,175002.396745855,64567.6653247057,82656.1392858537,33645.6492422127,100553.465663968,163098.939062298,86380.1693790192,72157.1022119198,104494.954936097,72523.2748168322,346544.391541202,120358.260838833,78387.2389171593,54897.3823947287,105471.732837233,117097.220100294,107059.981460899,47638.5666118104,169195.138370103,161419.931463209,1619.51371642831,152065.052780011,101264.721388685,94521.2680668209,146014.879263944,125521.177459534,108450.782116477,91818.6276278713,99755.6384002155,39778.8308758348,121500.904788501,105829.289875002,80186.1624095384,92463.1567488417
"2019-12-30",101652.934266858,52203.9376762749,75609.8950034284,344495.287803696,124260.751758045,84149.3978080746,106494.493816825,188844.114318408,259672.296772665,97351.5931650264,161708.147339855,49388.380076031,66021.2400916287,90588.1874753248,199487.673037746,43846.6258099225,286415.08874361,83317.9918634323,177818.798881626,44314.2002525919,174106.030185214,71542.3452685188,78878.0095602335,34690.0770036896,95794.3038906719,151125.574542854,86739.7937226488,73637.9774226782,102274.409832858,77138.7539563696,312984.164449463,121947.290186333,88229.1993222542,35565.4411120656,99829.7662844606,100755.894225494,124742.84241342,49133.2358798269,173837.035936373,142763.39485047,1312.10591537954,150095.589128465,102649.542514646,103058.161045109,138635.725377075,109918.093164079,113111.637618738,93111.1823467127,95117.4299428239,35665.0415850927,121554.7697914,103326.236055137,83880.3713603274,85638.7056631665
"2020-01-06",103184.05616566,55618.7201278682,74775.242560177,298805.76075507,142344.110890887,82163.919805071,115095.485805616,209864.784638122,252706.010883648,70962.7871533887,165327.303745842,40574.9108548055,61805.438314058,94684.103080699,146223.555561678,48647.88674815,282983.312555759,99086.43403795,183010.008480036,50107.7232651257,172191.991756913,68617.0933704357,78581.8796160533,42553.7759586177,84676.582356039,162846.861651923,87871.5242658693,70899.3943606477,91320.3767762084,74663.9597942878,253448.703040695,97294.1040602309,89084.2054369958,54189.4293414397,93698.5895214534,88060.5143999799,118082.114722808,49429.295820675,136104.704342896,133622.187064931,1744.21644830462,149027.865480729,93068.6889229883,101785.80140861,139016.989880348,113094.968313618,99931.4867059643,94165.9693316833,93521.5866120035,40655.691879804,121153.910843427,117719.620243552,83604.779017346,98807.58764358
"2020-01-13",96772.0037913882,57135.538109896,70243.2548143232,316531.477265495,131303.027859015,83632.8965294745,111319.952504857,211006.234586147,258359.290805753,67200.7475645754,167501.876401224,42327.1254865251,65941.2949785064,105718.642715555,149182.815737721,51332.9483120353,253968.40554129,90853.2753186246,180571.565956961,51375.1678510945,178650.49764491,69679.7448312962,84428.349538395,45653.4341879594,86654.1720261546,162377.30646488,83629.2921149603,66593.9077853076,90497.9940335827,78715.7023455148,251933.071497756,94584.9268291393,83283.3757061553,55918.6367148502,90334.7590913187,89581.2572218099,122349.861342563,46325.3119888842,107736.378225053,131391.444465948,1859.07261835589,146456.118516177,92514.1180451905,102656.743758814,122817.39525293,117915.18203133,99981.337448815,91133.0038340045,93955.4486836159,47339.1346110056,127968.290218914,116502.694022701,88104.6616112628,94846.9387458386
"2020-01-20",105943.28211646,62439.2532616351,80952.144263675,329334.236678797,128480.563740936,96333.7233563225,121678.949344729,208120.802269077,281903.999487685,71486.1245532078,165827.618239304,42685.6843071763,65356.6889025051,112740.501546706,149699.08762936,54449.2580666757,281646.469470628,103739.521503704,181053.506085333,56062.0209639554,188878.86869136,71069.5994741476,91221.3513550969,46459.4372150838,83445.0588142864,176553.879547658,87050.1295979087,68855.3388070744,91924.6050249434,81150.148777948,264100.608906841,104169.897285529,85702.641597694,56118.7927285278,94227.4894667529,97407.4659928252,129306.870541232,46742.9850620916,139862.287470449,132138.954604937,2074.6884208708,162745.248397171,92377.2251908841,105275.611319772,128382.55881082,117581.643391654,103600.587369181,91463.7713162704,89666.2982442762,46961.5916932524,140620.921830307,110658.66068276,92254.7788136204,99407.2271221031
"2020-01-27",103692.556864531,56559.7917942241,78042.8271321358,314796.986425448,130086.012758951,80719.3442538931,116634.751271018,212457.333322321,275990.116220908,67091.5301371637,159233.023147118,43552.2974469342,63386.7043706957,105789.210130552,146775.521705531,52570.9138782495,271443.517055951,92497.028078895,182061.337106459,56870.7154055119,173362.756104172,69857.316207993,90078.6215973921,44518.7368419574,90824.8709181786,163326.02900403,82624.1555866812,67444.9026271305,88078.4179608112,79683.5943095098,337051.521840548,100141.339674199,88513.2054245326,57083.2948170401,90229.6716536752,97601.7777550008,112992.079298591,47787.1957993662,142814.155545964,133406.390682907,1395.2870144291,152712.21471826,94282.4365131796,102857.685372064,169540.657877492,125261.603114231,110869.00418333,92624.9727174175,91599.8312914811,45513.6517807272,131587.907218463,121933.283684767,84477.555366977,102342.826780039
"2020-02-03",105754.343898416,60483.8029352377,80411.2134864433,333799.961739627,123744.492169861,84264.6581960307,117487.049334306,209963.178277744,266451.969837691,65429.37143944,170131.100865748,45406.6832703485,70601.1220623503,104960.473695188,155077.545227714,51658.5567662133,258382.700987655,95695.0966415179,176735.952262122,50948.1628111497,196007.866385518,68905.4765323434,86646.9781553647,44921.3985710556,90414.9032476816,172636.77790922,78126.6863100704,68982.2555763755,97504.0412988568,77822.4831129976,308089.851265958,95647.2430050878,92195.2688259208,55519.8730755063,92725.0468074114,102415.872005245,114764.146245608,45951.0113017366,140877.086249292,140507.587090284,1605.88974366175,160686.370571643,99258.3550553308,99112.766510919,158720.977346358,115137.231720294,107880.044592105,94745.4055612947,85097.9862554606,46946.7643613812,132543.311277588,124503.756130349,93629.7296751402,99484.7134087634
"2020-02-10",97476.2419756806,59948.3126920074,80407.2975906095,316690.06783429,133249.783927327,83824.1275098592,120313.11918143,219333.250854544,281461.879243601,69489.6926118575,155576.266591114,41486.0070400007,68547.6524461399,97982.2688790089,148932.326762231,49746.5384966958,271959.954067926,97333.5003033628,171432.933378342,54652.4557464514,177289.266427837,70199.4871285551,82132.8326280726,46672.2517730965,92020.3230334608,176148.120059644,89104.5948368392,71117.2345772574,93733.8585254047,79667.5926125703,258172.427093158,100860.906827486,91205.6695809927,53678.5757850172,87389.3837421651,101749.482466607,124228.589367921,47371.3054061076,145511.809044599,134936.265245424,1765.56966172572,164059.620997741,94009.8462845637,97844.0575812734,139193.598049965,120686.130109795,107490.788878406,96985.031230921,89022.1214718328,44678.6826902985,133278.156957126,123894.163879479,92147.68216365,98923.8346032545
"2020-02-17",108296.668324665,59821.3974339446,86165.7368655994,332689.541353488,158400.458855582,82159.6646999904,130390.509378209,209744.059913859,268831.180489322,78322.3942303512,162443.894150643,43505.0046202716,69129.9157631016,107389.82821724,160298.98332759,48883.8126691886,298012.662047463,102251.070966052,182039.386731948,51851.5272464051,181437.08524953,68136.6441563261,86872.9238094665,45493.4037530051,99908.5403077194,168454.405695926,80954.9915312011,69163.4196751886,103224.381900864,80282.6252985948,293675.594392754,98780.8213867262,97369.2331893173,68822.6634497019,92721.9505895173,118084.972452546,135441.453903636,46448.9721885356,165418.411598491,145360.947384374,1831.46809039026,157588.655579634,105204.624812526,104636.260209559,138949.293054569,123250.306052436,104996.185737946,97332.7791854594,96668.4195553482,49423.9284117169,140967.313235813,114857.434386533,100779.78941751,106597.718742392
"2020-02-24",105005.061902594,63382.348025885,87032.8478469648,370325.176808595,145763.976742023,96388.0157633013,132408.085743186,220146.962539102,281359.699308976,80505.9697953361,168251.677555379,49331.9844751206,76221.4293845683,109814.558569242,194396.536278475,57610.8716339414,317462.423363212,112109.946008041,198898.994869523,52324.2034599049,192842.375204439,74632.9694381682,87676.9912029462,44472.086843904,118486.505592272,175869.995464721,90215.8760916689,79698.1042423689,113132.104255699,85853.7112084569,284591.69600985,116062.453580176,103051.060174025,77810.0646798608,100664.899896165,121350.156137741,133695.475318746,50931.8065335876,182727.729709662,151966.606326961,4338.39369061945,167160.545909244,110962.227815187,121903.257360094,148250.680210642,134651.402082695,116931.101556991,106923.479183302,96001.9948616739,48308.5077479914,151077.024833204,123154.804591423,104904.455443019,113998.044522874
"2020-03-02",107848.246835994,61071.288310603,88768.9620024371,354873.662148144,146704.056235652,87750.4695064824,131220.799728479,237642.699483971,284497.598437299,77900.9472204224,170365.248095446,45203.6117858079,74510.3108049078,106308.555958062,165782.705472734,52955.5235834615,285601.46811398,117270.711419458,192972.56166195,57926.2147822402,189641.860887027,72134.0567762655,93622.755858677,43327.7554022934,101579.714369993,178738.600130416,82341.9900801881,79955.2902400386,103210.878330195,81770.5391283919,294554.662141906,111365.338159896,100549.472830452,74282.4836778968,93258.5296497382,110833.889919091,125704.024753661,50671.1291071836,161042.537185781,159284.271913175,2454.43006886907,173177.720466539,109891.17303086,123693.518974879,161096.663412948,126183.555437617,125300.967471707,102411.684437979,108844.563279907,45445.7129421541,156631.118335682,133166.291605537,112171.661427535,105234.364766457
"2020-03-09",142317.212244666,67060.9792438159,110673.757918531,403160.479303907,169825.31992906,109994.811485967,143778.811906987,239160.542647303,309183.414070275,84773.826647235,225035.728011464,47152.4629326253,86495.1697621808,154364.863263409,198395.156202946,75432.198901978,282310.659975372,162218.240252391,166595.881186952,60916.6334138552,181469.893668747,89696.91258166,108849.746848218,62068.7337504236,161164.206085084,194891.714754107,102968.521222458,136153.40053994,106764.10338659,89207.7045157986,289653.390511517,165310.282098042,143371.42549842,102774.284080478,110667.989646183,131819.782738692,141791.44947837,69829.5779489385,190704.658629415,189541.242159464,34967.407020626,214996.147951289,143355.035112268,159045.033762358,191388.058286861,146855.899515168,129326.860626792,149735.948736115,123096.743850259,62458.6499744006,174572.213852342,149851.345484728,159394.571161539,138225.060327854
"2020-03-16",141242.590376706,60106.8784766019,108766.887835476,347998.158892738,167748.907192507,87109.3773186159,123364.808793634,206538.061008251,261851.760185343,62864.2432268598,208498.211641753,47924.6643620904,71196.5303808665,138433.388422173,213060.62587644,70176.7043871148,248859.66003028,165628.704815327,153355.269999231,59955.2164285082,173457.208465698,78710.7342840429,88745.7003760874,46336.2099272895,163858.472078883,178877.339761762,99040.4021771491,123407.994140856,119087.51346352,73526.7241046059,272727.459563387,181853.078709989,158425.370007219,112123.867643445,104630.343648147,145694.746505653,131194.671414871,67235.1882637699,171572.771519619,193002.370026601,40597.3314010531,188944.446450974,139505.15976319,131161.595517824,209250.700766104,159442.161861078,110974.537056274,125923.7848439,144627.779771821,62234.0101198377,147330.079524421,146567.67577564,150640.551040048,113562.199447747
"2020-03-23",135225.005908156,52728.1660804595,105820.463923626,327248.980568475,190343.932735653,89449.3074234957,102855.778761368,201761.827155033,239365.79629735,76236.9442740626,210237.096151042,43491.9486402976,73753.1717770666,117869.773984576,192287.49511929,71256.0385176515,225195.524398775,145833.733856086,145905.735057476,53924.8144550899,178036.259777782,91408.754986057,86375.4781104466,42787.1641671768,164000.585842917,170044.429021642,87069.6786965838,130138.920763889,116360.194898204,70862.4801887812,261992.220765422,167397.081549005,140772.636554784,114532.16048444,105259.009979628,144876.569893744,124477.645467536,66120.240650444,167684.186345313,183894.68658472,54738.2201567468,176922.77115377,124921.523329645,134465.871697204,206565.829995832,144640.532555526,113504.239712158,126603.76728982,136996.499759735,50987.8661557986,143233.383327339,141401.810703534,139904.942142129,109682.6638722
"2020-03-30",142952.134356742,56556.4359408903,108326.302491098,343016.183842694,182176.323575719,92170.0541580994,120363.618931726,199491.933049512,243740.053843763,76152.9733896629,206732.279340854,45506.6238333522,77113.1397514599,131497.535630918,185484.561531403,68655.330565584,246069.596101318,155726.540563243,163297.162900427,56792.3434429164,196910.908608531,91219.8469280856,97997.9019074895,46847.5064746808,176595.538159887,181261.137853701,102087.770011391,134009.213804221,129478.991015367,75149.7317278042,273938.633060339,170796.003935216,147261.569673439,111216.411810976,111450.606683745,161884.570329266,134661.53005337,67705.8210891438,180653.954909476,195999.76997662,31605.894596355,179444.396685053,141139.055211543,131160.634406558,203027.216008355,158681.575876387,126099.365080287,126882.368450778,139007.499580036,50446.2609412999,152312.60199547,150688.321405884,147780.293302759,117546.458550751
"2020-04-06",156349.028978206,56796.1767413762,127765.034592536,359332.62483899,205558.112205859,105758.841381054,146477.04506342,230313.544312123,290631.632460224,85841.8756464091,216194.760535183,53647.2571050164,86321.9005677127,141457.881790022,234055.133296791,74911.8437801754,278478.60720831,164553.462579025,200907.725455384,70908.3473225366,232963.209806178,111924.981597236,108346.195360932,49570.0560401399,202282.089950431,179264.300055239,125049.124919966,155613.804965068,157885.714305223,80852.1667176699,351089.773704639,215898.914179859,193335.128693346,133045.132600496,142304.058504525,206889.176841144,145061.587775134,78395.6601110745,197255.776202667,217259.149324028,52373.4858970889,208802.342179165,154494.757298294,141761.861859632,280660.862665862,164535.735319183,138540.038459321,145055.860800493,181302.603128388,51406.7831940261,170490.455325555,183876.178598251,171258.112264785,139801.558881524
"2020-04-13",114926.656782911,43624.6111476729,94102.8182976016,259943.094485105,160518.551756172,77895.5495060964,94838.8629148532,163080.056154136,196556.044459503,58953.6020221607,160082.284755261,36384.496581702,62642.557358421,96033.6307160817,148486.11920837,55368.2461001693,211710.815356853,115421.896775195,144251.748531399,44390.0680810641,150487.002117349,80352.3359679385,75828.3296139866,34348.6146577501,138291.665281421,137214.157594904,83825.8998025303,121624.281628033,119840.936010079,57599.1421863554,227051.512476677,153662.218831095,132007.747627462,92628.0001355754,89968.4668715145,131252.639598099,103153.71930286,53988.8470955699,142944.246760383,160409.48245596,38280.5560302493,163694.59819367,100323.839405424,111472.79835585,190241.557983987,129317.805646574,107993.685327029,102958.997459686,117100.670489142,38806.4144909675,113967.252904659,122357.704788636,126880.84024012,107611.290436745
"2020-04-20",125093.848217675,45200.4267554949,94650.9075607794,322085.069105811,159176.997815772,89842.6791919249,108560.408485143,169243.548047536,225278.504605377,63736.8322522672,170895.824786353,42177.0766757613,69571.0282359674,99274.9089218592,182371.706267173,56887.7953552946,233430.685463616,122355.204666053,138839.113928592,52345.8271863085,168769.299115019,84129.6437732012,83726.5478731507,37978.0126467363,150435.036189666,142932.940426838,86822.8220846025,116719.906579161,116778.255371987,60860.3938928504,221400.411987919,170855.298411873,142884.502318479,98200.8593394986,103539.552683989,144733.097954565,113848.756781308,50849.5112371701,149338.371685394,153180.822799082,37997.1586850232,156264.710967308,112759.49482876,115469.946510791,191699.605391419,129616.801704765,106083.284807448,115843.997102389,129256.848782385,41612.0998101653,120326.421961982,127907.127436248,122191.797707484,99346.3220425708
"2020-04-27",124485.916520616,45243.8641864771,93022.780320552,289529.849144957,167987.060192881,85632.5520250916,107797.156775185,169537.960530649,207625.86412391,62741.391040584,176776.230912639,42515.1941796075,67694.3925456936,95148.5766262089,170623.997402,58025.8870833612,227530.803156114,139085.685456972,147790.977202293,52245.5097556238,160116.209749255,84502.2799878763,84269.2481701342,35358.183438993,147091.583772593,142556.778364109,87516.0690587828,129662.873391309,125806.785716332,59518.840190614,280374.766119852,179939.465067856,142857.850634766,102903.666895263,98618.3196601644,137154.194278683,121071.876606213,61634.2710933354,157657.665594158,180254.156275794,34859.0916824927,178185.456502113,114107.085765291,121201.689269978,223257.184555561,130971.21168338,113605.679330642,107125.555069231,141919.075383378,46804.6606093855,112344.283769685,142106.13671294,132689.668120087,109688.085037481
"2020-05-04",131598.940497466,49172.6263144294,92062.2423587335,337859.12941848,157928.640464858,87900.3952904573,107747.541413011,187662.565588759,253391.812071919,54914.9075316819,175311.445197808,43718.1037421711,62305.312277802,109747.913583745,173598.779399951,58255.5370943641,255987.060466159,131469.739423507,159629.441192812,55708.2102721178,165634.60097578,78551.8352030599,82786.3718953409,41514.549452851,146448.740718662,141984.04588115,90383.1320832055,96511.8791061171,125228.82235845,62463.245700594,303027.624667007,167921.288955098,132403.422147499,95605.0687944908,106894.408412077,137814.912374275,120517.264192344,57044.4994091713,153072.329951963,174402.103003054,37202.7016399315,172665.716979439,115676.444653926,120638.47140967,211860.490205251,136465.172381783,127921.553191416,103663.727410892,142253.833741799,48937.1692248034,122619.008875656,138542.828043129,133790.011829453,112661.296949491
"2020-05-11",124069.100778937,50214.7668893602,95248.9656133448,302058.431708239,156902.16199071,86281.1735925006,108587.918961991,184370.760350391,231332.115246264,54257.4970036072,173562.933544791,43895.7752764908,62788.7967255894,100392.897147583,161709.340384922,58899.6048671854,281704.154176257,124022.800050249,162455.030648444,54610.0391812706,169521.387290973,81715.8415467544,80935.8957296499,38319.4196735115,130925.463456838,158207.769522479,89833.2225303573,84459.8755898849,117046.034127634,70331.3251875433,292067.579453931,148636.113722042,129453.097541708,94675.9318537145,96861.4058775255,124094.507349112,119284.644106527,58025.5740297785,161219.152421724,159965.884912695,31572.3031849595,173165.787301162,116250.210492185,113521.186561774,199644.53699882,136565.705774575,115620.085644881,98523.1027782672,127601.57669692,48088.4844339535,123443.511900646,128690.740039608,131170.731450222,108686.805099175
"2020-05-18",103691.434948886,44524.9957568487,77465.5544887252,291298.760446355,134900.986155404,80856.7365498257,109144.384177893,152728.729006177,226616.961566039,55217.6166227992,161600.927091382,38648.7069265727,59812.3199857939,91199.9377346615,138972.045664122,50778.6601754112,252230.732584135,116162.206227632,160139.286674729,50483.46945356,149957.014526796,67693.6716094281,74239.9406032682,38341.5427904039,112267.106094752,137396.862393981,76738.6450937558,78309.2058233721,98476.8712580402,72999.5442482322,321366.146836464,138335.598598451,116441.320152886,80430.0306626158,97322.563506737,115417.50131115,121038.344401956,50160.3795386698,149583.656304878,165901.549217758,25382.7066573652,146267.223567195,105718.687286292,98500.9840775877,184087.888752496,119301.762700879,108709.599312322,88555.4961778577,116300.848687015,46523.7733398879,113696.174317392,119094.765809152,105906.944997718,105759.548618735
"2020-05-25",119846.191813479,45485.4462308357,91537.4604136896,309607.545443963,141711.548726183,86689.959164919,110146.027583784,175516.131682551,247228.273754006,61200.2415069636,173511.555501764,37372.3835921104,62376.0803898038,93747.9383994983,150106.08453397,57163.9335818547,293710.894427106,119033.793795404,164742.065685944,49203.1811776411,157590.561699648,75433.9292820683,73560.6084242322,37790.1280921334,112064.4246339,148541.929859519,78507.0595581369,82819.7213777588,98206.8330421357,73825.0456268256,291903.980438565,135854.398034836,114921.875876514,83912.7387132216,90103.8241005806,124680.266636801,119716.094654805,50149.2832258937,163048.159331519,165035.821708588,22663.1670337524,155027.177549452,111359.049160992,105847.158880043,184868.900992412,127415.740558917,115181.935791705,93687.7559187925,121959.629280959,48296.2665476179,131859.446311405,112806.637630006,107739.241446574,108283.384269326
"2020-06-01",113342.051375766,48465.7445557689,83737.1027460369,327644.147663316,146050.237300463,86849.917569406,109847.13775584,186464.147422048,234561.803302269,68049.8660723249,162766.697538459,39543.7309357253,68541.6301613444,94482.586094746,173151.251455243,53236.659458506,301754.882784528,106696.352299729,149370.789458631,48628.6550261875,147168.799671661,64297.0113099229,71896.4549166989,34179.6492448458,117690.267181642,136188.076542083,75300.0630190091,83639.6994866564,110503.798293329,69330.6249399522,316867.270593482,132320.695087298,106717.746806708,73388.7044933647,96566.0603642681,115879.321809822,120034.944581981,46208.668528286,164709.423195143,172176.582645005,18056.5486419066,145030.56664131,115293.398970298,121138.896421054,182909.401629152,122081.78719113,109293.825478882,93858.117765042,123289.780131006,44445.1003168369,117843.239020926,120496.395272671,100206.658866127,100693.279778867
"2020-06-08",109783.405156956,52897.0615995016,88481.4955063673,343711.438883174,133073.16801086,91957.5374900905,107249.276978144,195929.120729162,272539.346162107,74584.739772014,167291.482467292,44044.8438428103,71494.0665827267,103640.215525713,191489.586617011,55217.2776794066,283821.235683426,110662.388572204,169393.265278061,56213.7098282556,168362.862743814,73634.467836106,76891.3296939147,38939.2094206513,101294.259652283,158241.121028535,84528.4927400149,73600.8739118974,110544.404479921,71185.1625172297,291818.658589433,124148.164065891,109123.590971415,69512.2797452418,108934.104301122,104369.367130688,120863.767157018,51174.6755875867,173756.469832199,148807.429492831,14054.8081429421,156701.196533538,112615.003257155,115257.5681445,165575.220408451,119265.455196425,104094.663673672,98830.0477261008,115368.220491166,43865.779316659,126606.505807759,125368.296159128,106377.318530572,102962.075383975
"2020-06-15",105703.818227279,54149.092381104,82391.6076767672,311458.162102302,131202.864707528,84050.5360384246,108304.074705118,173960.000268554,247641.928556133,81613.3962086055,151800.942184046,51833.3096825539,70014.4733958012,98200.278386807,218098.511468679,50385.0535420355,274223.183821921,107038.933412344,143572.576304665,47802.4610171177,161775.298686269,69832.3030803731,71439.4084536791,35765.4971287469,99440.7648681644,151581.871458911,79038.4033745766,75018.2957353363,107182.285368044,67656.3713306129,284022.859150217,124232.71562274,108571.764372996,68774.6863750571,99682.4746603197,104922.471637582,120481.820145846,46862.1763994998,197616.802324993,155187.540060811,12463.0496718517,145057.525424281,112637.697182755,110926.117032454,159906.424847006,111416.610110053,107432.434999125,83590.1473786438,105609.662311065,41658.6608848559,122642.545076194,108340.550010091,93494.5829971862,100157.269304406
"2020-06-22",105756.844481976,51295.0569632207,84171.5537034822,311019.312084055,145678.930602016,79618.03718735,104770.388369308,179708.22307242,249396.152366478,98293.0229979405,152085.683917494,54336.9945188104,79944.785064454,96477.8447309221,227655.878448132,49620.8205862691,279087.999198527,91409.9788432772,149923.508247968,46798.0982088812,146351.850866398,67328.2053408226,76559.4252119645,37098.3431332303,101071.742434249,150335.196526847,85282.2811440373,75838.4596697287,109993.811686554,67911.7742604152,291806.776330701,126783.281106923,105172.393287681,64116.8736575655,106898.469720385,103791.723714547,113370.868054418,44353.5198304793,227308.805534373,160383.527657629,8476.46486762404,131891.354542711,115171.865952882,125539.825743508,154555.449535748,101168.829880816,111424.017201057,88290.9667996476,104161.281461196,42376.2974839815,120888.691328561,108150.20273868,99236.622201256,97855.1670075886
"2020-06-29",101310.88566628,47375.9006676343,90693.8702194242,323336.185621925,144030.37590222,74265.6890884965,100918.812354854,175526.874280131,244879.136224529,101622.809094499,166109.415648489,59857.1921138501,81387.2399375993,91445.4759775175,251769.667566357,51177.3082903536,283122.90411364,94290.9596851915,142971.89678983,43927.2206284225,148187.794377568,65139.9567688442,80143.2741875711,38188.2174915719,103582.623861574,154000.794752448,82431.3876540466,71512.9970919373,105707.361758113,69809.6868453517,268709.339794397,125310.653078,104582.666569952,64505.4123107314,108866.392159362,101828.651512048,112189.045364984,46869.8858354127,228718.611311125,154628.594959866,6893.07307005878,133804.232517286,117169.580813309,121398.871407163,148539.616748224,107399.916192759,110203.69981814,87294.0289942037,113638.27565286,40775.8182762534,115154.720841493,109514.573204705,91916.6737142,91910.7205987525
"2020-07-06",104791.585495238,52689.5047412126,95137.1290554986,310589.849847439,141391.356709747,81534.0841830035,99120.7643718013,184285.753146188,250020.520867288,126724.478102454,161781.85301263,67233.7500299758,93825.0236209215,99893.5128112005,275181.954854599,47895.1284146896,284567.217508764,97069.6035329805,141227.895452517,47865.8062895664,151630.555345701,66859.5904496148,80408.3441209719,36024.2731908744,96862.4819611784,153503.685788286,90036.8595498168,76183.2184333261,106923.846526106,67151.7509769472,282402.219776145,128644.908730848,106137.215824673,60564.4698904171,123182.650150167,98889.5740195803,109792.027557259,41442.5479686925,248128.514426605,151190.874811335,7513.30555153164,122585.709966918,122842.878926527,120891.014498454,150000.02738134,100574.918355938,115278.405744911,91111.4036110379,100529.383080374,39534.9154200122,119974.359130952,104170.713279839,96169.7268942113,92155.1605020348
"2020-07-13",96999.1440814531,50470.9403723317,83412.1057663859,299774.89270051,127563.463968268,72731.1131562853,96013.3521975529,171119.712239283,222692.024738838,132173.904709213,151609.472616105,73392.4892143822,91271.9458285204,91498.1283809615,281908.711893639,43897.3668438898,265404.916725328,96755.4679070432,143203.058088895,44663.4990523953,144145.838966511,68273.4944408994,73652.2889870629,35545.5181555656,96154.9114419794,138917.280522835,84262.4490440938,69935.4996754584,105283.898287428,65769.2836016566,257257.636177278,120560.150020038,100982.112714386,61416.3725707959,126106.080142004,103485.412746299,107521.311291056,42443.2927045199,248120.287968001,146937.217684728,5499.45928332448,120308.376121133,120251.337516542,118903.982586425,149181.950966025,104821.161483592,112392.855809331,86328.2053310492,103337.200343949,37200.1813108197,114076.419221372,105059.864324423,86615.0532239441,88388.4777469216
"2020-07-20",99565.9156801338,46929.8761948754,94048.5976828931,301861.325676802,131332.482431531,80585.0484603404,104364.111972869,173428.791785019,245015.111943494,126456.406103818,152598.754537137,74647.6283312729,94391.0545772089,89060.1973942058,284227.645563883,46083.02025852,281083.961006981,94399.7419335024,143191.946646259,47806.0121498109,150953.609611457,66660.2037103452,70093.4988954984,35258.6681001341,95473.355407736,139551.677510352,78843.2652993739,70581.1566791437,100888.962293435,68296.7774947299,263684.205124774,126896.039678968,109827.651725099,58384.2880534069,132308.307683574,97161.7128753683,111681.756110671,41997.4827248139,250989.689625239,148141.580694666,4637.85361897318,126832.310207616,122893.921461066,119312.822408471,145346.416095714,101116.67143404,114785.194868585,87624.3013038992,101233.446988932,38529.0266119932,120539.063570104,99460.9633722642,87401.350937055,93012.6103215345
"2020-07-27",104790.619610777,47214.3431555922,87512.9106345206,298319.207324265,141261.721133614,78001.987545459,100584.099624836,169251.30576484,227522.629630585,131621.606740355,146062.91604326,79418.0765478224,89685.3061806886,91326.0781242307,284600.798504141,47660.0197884999,299599.599616305,93058.8968682374,147885.133653569,41211.6077689158,149040.432882585,68679.0207998285,72278.7114296044,36039.7145385794,107554.727414394,142805.377716707,80546.0245917807,73711.2942192605,106113.68890763,68519.5685209062,288033.421768237,131642.989787883,105385.522529064,58171.52728119,127335.643172752,93046.2707003996,102473.996171974,41027.8825174026,265829.882305719,149083.633552221,3920.41990397133,123034.816190803,127942.420461056,128181.254195922,124667.766942609,104036.062192398,107299.990363679,85408.0344319507,102576.231024303,39361.6387462111,120114.897488475,102834.454250456,81382.2108912131,91207.7213588536
"2020-08-03",97588.2336711871,48969.4970446222,99105.5405441534,276964.078032544,136877.392530248,72299.7785036552,93735.1071798615,153944.627426994,232165.432550069,146201.801596649,156104.42342928,84206.3679956678,100525.897168072,94866.9855659767,345427.675629996,44146.6580696679,306655.615956081,86305.513116977,149317.498229858,42220.346439686,148163.329322524,61781.6034621308,73587.5619031633,34064.4966760428,103981.911170035,138728.252005296,96907.5489341626,69666.1814247213,112082.650246624,77211.9958433511,280743.473332567,137392.71033656,104680.646773811,55873.9795860724,145378.244098617,100315.457676245,106664.331734567,41508.77725438,294954.849814975,133275.183783557,2948.29197703414,117371.903156969,134865.79300749,127680.837958338,140163.182675626,106548.942419432,111807.696236017,83666.0084538479,88766.2063092367,37018.910212053,120949.001635977,93595.119212761,78832.8330018245,77336.2701572668
"2020-08-10",94271.461167989,45006.9467146786,100746.265438331,301520.591739433,135528.037166896,69725.954251342,87121.5203223734,141099.535448009,207512.553576681,155945.078392322,142493.296250668,94770.5205634948,99668.9345846931,79782.1211568186,389248.778920076,39780.7042492738,305067.388457702,75071.360883357,141691.508455134,39191.0502421968,135746.191156412,60460.7080645981,66950.2671910637,26049.1168768744,108336.779069238,130039.407846512,94020.6241307509,70322.3733218292,113015.390681816,71848.3956081648,305303.412446409,129061.230598955,109384.050257068,55934.41697644,163090.841274565,112179.043668972,112629.408235454,38308.9297858584,296670.325283122,150561.631952847,2314.08885817319,103899.679325692,139460.800114745,127012.422735422,147100.923064132,108406.756017252,118903.225272163,82349.3992439477,97363.4278961784,33133.0129321727,112139.325397441,80720.1456656751,61583.9550625158,67319.9348407447
"2020-08-17",94582.6097708458,47474.2733385034,96986.5083337438,286356.389752869,142221.278457685,79472.2849829076,93205.9165685862,178181.564178715,235707.916137684,143208.713933148,144152.175234912,89529.0067952908,99978.6052696322,67838.443579403,363333.571832595,41907.8700460513,312066.550032066,81408.1123435836,142379.101914163,39812.5784489972,150404.447462262,61021.6081237271,72693.8287667871,28788.627320054,112398.952418319,140795.550790844,93237.6625929795,72121.4225306671,111881.432001837,72886.2088603803,286334.317184857,125766.890821478,93256.4282900182,59417.1259794319,147706.2974462,99455.0989480078,105597.3481442,40958.4740968102,279175.499058565,141766.139104306,2433.31761826148,111256.386728563,140779.650736452,130327.72536943,139153.063994156,111727.645038423,111189.937462404,84105.2637340346,92557.0289134649,35136.6813942509,112139.251141401,92606.1146593499,76705.8409424261,81815.3632411482
"2020-08-24",94109.7298540006,46444.5907867361,89678.7187572593,314087.309938637,138402.375799652,75872.3689193629,100720.385240364,177371.013853674,243453.697770743,125480.580825873,154748.239305099,73229.582810209,91308.5187799762,93504.1483483835,271035.963276244,46955.9095053021,302313.639948658,91104.767927505,149728.226007824,40910.9107588328,157787.403752495,64478.8902158372,76002.0378577482,30911.9505263891,98406.958783388,145157.505049476,82847.5235613795,68867.2733721775,105887.815596847,71080.2842126061,278151.948097436,120236.055640427,106894.468335816,62988.9818695031,128520.786521462,109583.782589569,104525.799573246,42048.6736951856,236482.937122621,142482.796910189,3621.521965814,117982.224208031,131188.696504906,131197.178218478,151221.443096434,109144.692761575,111665.02065231,82344.8544014196,99353.8644258995,38271.0841655758,113558.567040616,99491.001311606,84618.0985353849,82862.8871992188
"2020-08-31",113660.198953614,53293.561783825,84245.3803134232,312001.160773352,135589.017901695,93697.1820948783,111594.446595936,202737.151097688,275119.143322597,102301.586435413,161056.719292969,58483.9313327865,90160.0574151937,101140.232086116,235700.787341684,49848.8876153388,276812.168071379,101167.474640038,170475.929416696,48838.2222316555,173511.918544767,67009.6682630452,81713.7720682012,38197.348961526,97654.5018522558,169646.132630904,87318.2417619618,72646.8928246221,104907.956144249,77966.8511581053,290080.464130665,119049.662020439,107124.084538102,64854.1487619938,110177.801178843,114680.453048309,109137.066141669,44420.8013985812,203345.353229735,149639.03991285,4540.48720214079,158663.626481139,121624.298026138,126665.874870172,162194.884151304,112459.77730788,108230.030905328,97849.2730952253,111332.189545128,42921.3618702596,143963.782833583,117520.398377029,102657.124163609,104306.596245754
"2020-09-07",107950.402881582,54526.5395153257,83897.1918832945,311627.63471161,138730.171958512,93564.152234791,114937.311416928,205621.723855225,276744.670634501,89090.7330997025,161853.163704781,52456.9933867799,81915.7882894059,97038.8085308838,218644.593047096,53057.9531655225,269774.430578348,102001.987164217,165982.095726189,49617.2527076829,169431.760369866,65096.1580840663,85639.5876200074,41765.0722883628,104581.87786341,158334.318740598,82626.828621443,70413.254324426,99719.9395698568,73011.1882975921,262152.957010589,120175.059757574,99595.9920712634,66222.9633773153,106205.717163109,109574.632681348,99176.8402345603,45862.6232399948,178407.502070626,143935.619427175,4235.69838156231,160334.234803018,114866.047370284,124888.812487394,169023.07013568,117690.198988141,104451.795287516,93424.4119964738,107112.449641547,40791.2838461138,129032.339985576,127643.104988827,99120.1504540431,114072.314459186
"2020-09-14",93735.2685367571,50878.6763814483,81208.3849286558,294031.767196747,145026.253068153,83302.9759554547,113961.834152838,195192.285305681,249868.108169443,92294.4818348332,144921.640522488,48584.5035714139,76921.2118143982,94182.7763183249,210131.049601551,51626.2932487294,275871.582906561,100329.9334273,158737.601178889,42789.1385914111,163144.711444422,67342.4456926945,79776.0621462613,40786.7518183728,99137.5642695916,148453.475193077,77750.2316044511,70898.4565040439,101365.670674688,74176.0955902283,266449.36315426,109479.521149239,105072.62814891,68630.4635883825,106687.379276974,96855.6972157382,79648.4635264477,45012.5243359537,174777.305688269,135904.564042414,4108.03027969728,145766.874535904,116617.581398977,131360.762955655,147185.313534427,112799.067485948,105672.954581561,83692.5080134484,99269.4000363601,43987.777821265,128741.98452594,117564.879591226,96809.8900423303,100795.185663538
"2020-09-21",97029.6380893334,51106.9383792254,76906.5434851314,302202.32747712,129646.035812088,78874.0991468327,110747.32984022,204062.838958054,248084.132502209,76311.5207744663,156611.299040955,44211.8464388188,66819.663959846,93850.2004329198,188191.860013241,44720.0861876986,275771.831424402,99566.5389106498,155486.958353096,41130.9050593863,155950.368266529,63930.3909795378,75397.6262864039,37684.8331345275,99518.65498226,153352.905324088,77861.1491231446,64670.5204049225,90583.5616296486,69890.4229106724,240851.191245428,101770.348964191,89226.0274792796,63516.5788315336,97697.9147476684,98023.3588429139,78234.3164187187,41717.1964496979,147472.612244673,132336.983358232,4007.59218639964,142574.343143444,106817.481823798,111833.152345745,151943.3485779,110652.64127018,111957.804335907,85662.7095776688,99123.5011767383,42133.6763750755,120331.235913527,120909.763128585,87110.6748466998,97048.1312526539
"2020-09-28",104316.382313672,49711.4440562579,79993.993574014,343903.502573343,132559.119705129,67993.5354698495,123497.878672818,209420.105320634,260939.13144189,61003.7007035357,160128.233050816,44693.7038903584,64410.7390067101,109048.396875783,167401.605790131,49205.9256337967,294506.915339535,112651.05185864,170276.890641733,44864.1455857434,169423.486762789,70507.0293902054,85229.3759453497,42804.3924667929,97387.0439463716,164716.921573059,76868.3121224694,68132.261546625,97163.0119301399,70359.9425261567,269112.901772814,117292.436886035,93699.4048388998,67726.3149368864,98279.8587537301,104031.981342723,72049.2631596873,46912.8514203165,159248.519184359,141853.371059926,4732.90586766147,157194.02809576,110626.368833366,97657.1923959605,149411.720270991,111556.088988334,114610.415479263,94928.239420882,98631.739997547,46475.48492758,129071.132193456,121873.754404057,91333.3243816141,102006.418225177
"2020-10-05",94881.7476494888,57658.5852110227,81862.4986061243,326911.231984911,142626.697931512,92778.9618376292,119557.583055118,190231.316890498,247731.41035528,60061.3841457589,166478.271842457,41833.1259278577,66295.8393214004,106366.417904662,157585.356248993,50310.0717007416,259304.437608495,108255.132406419,162330.843063416,44981.9258601315,167211.640274281,69302.8140823082,84975.1174811506,41288.7823245742,101821.522320361,153486.218517443,74849.9444477148,66817.2011560048,95901.3179400427,73730.0979340712,264886.000041157,111117.297578058,93387.303048219,62693.1726386963,94601.882040897,99657.5415786611,75644.1528956124,44442.2402559747,145849.76996559,138063.375364433,4643.76674926271,155052.541691356,107444.051447693,105361.749168687,148197.420587509,108258.213971532,106068.696641111,87490.736065459,95261.0308172699,46827.8572516257,128366.439243157,116553.288913981,88610.0972164795,103724.38499374
"2020-10-12",106891.699167072,50981.9501050419,83983.7677398918,328372.139068671,139401.308520624,89841.6692354114,121341.808671488,217428.903131115,268876.085586838,66550.8024752774,165144.8515854,44377.9715085313,65354.3870443887,101000.805590428,166557.319139623,52617.7792692161,268520.685236379,108799.342874061,169239.403823195,47842.4936823298,175645.583981925,65679.9990645856,83685.1152944929,42077.3306978286,100351.665234634,163443.434832351,81573.4050317635,72389.1272400537,103901.87468742,75055.092966488,267647.294782231,119175.922784756,100486.093150491,66330.3739413054,103335.718141914,105808.118131379,78977.1532539095,44588.5560736533,156123.052659559,146937.756532759,5566.68917630522,161882.020274474,106303.653642561,112934.85772551,165996.921205636,115656.448043732,105523.068844,98118.8979233949,107041.620883768,44454.3715164725,128332.357442151,115974.204334167,98656.2905661204,104409.291850406
"2020-10-19",103650.646323817,52301.1699142271,83595.3635898593,338228.628106779,143287.429799015,88695.9424380824,116531.274897797,212285.327577217,247329.75055801,62298.2321153412,155128.504882137,41983.6310511863,62005.5128662265,105139.17222911,164165.163993928,52423.1948108502,282449.672947322,106630.235028396,153996.649801436,43712.6200515597,178108.547948326,64900.7899808711,85762.8651042152,41729.1802549635,99607.8587837332,154193.016147523,77355.5484516526,70395.6943736319,95529.2031622033,73335.0290620848,270519.980172125,117170.735489518,93413.264344096,71156.8418785155,98225.7530241451,113966.717997842,77723.2616729317,44988.0393161123,154537.818436251,153248.850564449,8542.09529585595,162222.597178156,106242.75393124,118850.249802672,159906.376217376,114489.39345148,108500.18899069,93588.8996055053,104430.701735485,48658.4165234236,137802.795605213,117953.713974372,96904.2876462868,113016.493981246
"2020-10-26",99836.9768751143,47868.3870622112,78157.8269966655,329430.553907707,134467.436187614,82475.3097238664,116876.834176362,195451.180490722,232993.305976572,55643.8759193748,158437.838778406,38932.8631568406,61928.4189011084,94097.8254942397,157480.258258287,45103.2379791252,254181.287037165,101331.766858017,151217.93192054,43590.8202806494,154663.202329858,67081.9145577605,79340.4813775109,38783.3447743333,101193.719326652,140726.952402383,75148.6399669553,63337.380796367,88025.4801123718,73239.2024938891,258046.270772351,108305.474482769,87870.566257836,62516.2616184205,87710.6261815209,99429.251912099,71929.9857517246,43719.472803634,145062.530627028,131152.655820125,11084.2211933135,141165.594159003,115577.609109256,107953.1354496,155849.470181342,112337.078422865,98641.7369382021,88083.0514760257,107649.648462867,40431.3653259382,123463.130709737,113044.844819433,95734.8673234648,96006.6448779273
"2020-11-02",102385.065887072,47421.3241313826,72190.6121848412,298150.595035831,128112.048441346,75922.1842809028,113412.479796501,190229.058445802,237578.401606496,56925.6548469543,157421.618051807,37098.1447760004,59454.0584772755,92353.8903452181,149132.227643603,49253.6028208789,263993.959289687,103755.372074583,151004.527538571,40943.3736852638,165659.19388457,61475.4634149037,75591.7807015595,40914.443792274,110265.420093492,134251.724427078,70438.2905074537,75518.7961513522,93977.7475191732,73000.6876919364,247542.965824972,119490.536241943,83870.5141863862,67241.9146892398,90040.2812925973,113608.294071626,66158.6325855131,50879.7256705978,153185.028995482,147768.528179522,11653.3445519022,148569.378485035,115747.514046322,109621.604118532,160778.704423282,113408.974031889,104467.859640674,89004.6690629378,101779.322934341,44930.455805246,120309.543726836,121600.916922391,100932.767170445,102164.507835303
"2020-11-09",96223.6617583347,51805.125679438,82417.6028141947,323548.77120637,139908.409075906,81307.0060083415,111416.644292559,189848.693878963,242605.700632409,63645.0545450961,157432.066291404,36959.0856284925,65508.4703018634,99651.8120532959,151133.761676893,46469.331604745,250601.857744097,103510.561031505,158243.939820351,45001.6232453812,157801.372594867,70214.564439331,81370.1422667347,40922.8388243676,110846.803005406,150196.447805202,75873.3182337024,88173.4943257824,81188.4562132994,78069.0349730927,224895.518519635,114752.958615476,98298.3683835133,70984.8009684419,89239.9868913729,108376.347095158,64000.8500141137,45507.0309582196,154173.558563439,129916.531347094,12681.5520458431,137635.815981506,122926.130734584,112322.446968871,152670.377202907,108475.637665291,108418.685071708,94312.1683194659,100417.462387637,42747.1651291208,126777.788908186,111521.274353356,99034.8632421554,100170.778437628
"2020-11-16",94357.4367274112,49302.5390339389,78178.2955637263,298734.582492967,144830.304065131,78203.1922764513,112804.540849468,188082.815708502,223534.077981251,65829.5536683664,145390.326950507,38312.4006590296,59087.5462995475,94983.0452774715,151926.789771471,44691.5960836057,222128.103377895,103338.073996006,132685.794337991,41619.599701994,154928.237644574,60677.2608468352,72701.4630583326,41506.1879840166,104479.340737266,147007.650807685,77370.1374262835,72480.069159524,83331.5535040786,73031.7819782454,219787.756915533,130995.418702228,86341.9813536692,71930.0464022894,86155.2411538566,103630.33067974,83766.1025240627,46847.1388006734,146141.017515848,130807.509009125,7514.67433048926,126772.915290994,113944.155059524,113968.101176972,162847.98267561,112008.032445674,103657.216204438,90496.8699741904,105058.864786252,41910.1812395139,126414.103486205,108661.920632617,98160.7570827085,108700.824007696
"2020-11-23",97993.2366409261,49342.0089648574,80473.0598772328,334782.389306494,137623.537628572,87274.672315731,117990.478359468,194929.029475361,256602.300760525,62511.0683449926,165820.623817309,39490.2856834431,64656.9855821051,101649.690326045,170830.631313404,45819.6925434734,252893.612397511,103170.824338418,142143.418402654,44776.1416431749,158232.678351036,64843.3819950998,76623.0461812744,39141.066099528,101513.826697205,154589.825757508,77454.6419175428,70880.2712506703,86877.8677418882,76576.8498212537,265895.328348194,117468.317034944,92848.6137448854,68033.6506351037,88522.876814319,113843.324152999,90250.3175774242,44748.7678844106,158177.75586646,128218.574112143,10245.1251112453,144922.912969445,119681.094523117,113677.341284503,173342.033833899,117725.548793795,108440.030040707,91018.474939601,106772.445028355,39771.5533416269,128938.202253819,119035.850011757,92935.762463834,99510.7978637022
"2020-11-30",108742.454443724,50917.5237767106,87261.7309582277,339668.602666002,147382.77893548,92461.2535882096,127154.469220346,225712.815599423,272986.600953891,58372.1608868416,186178.63737627,41008.5263697329,66827.868557371,104704.527366827,151018.870874295,51742.9777557557,285458.630798729,117339.226253454,152941.302622384,49194.06087559,178668.499331952,70069.4125839569,89131.1783200062,43230.3880237609,113642.483127713,169729.165113823,80688.4407366804,72669.4639303602,86082.4872807642,73942.4384004516,280633.347395841,140923.615498885,92456.7026995918,71053.0897854549,99552.25629601,120588.663494452,118671.403524514,54280.7459184615,172283.497180616,147490.488745532,7728.81890055063,145978.563012205,97873.9717039417,119869.619663224,189470.396869925,130695.000320786,98459.2432189078,105483.25452914,111846.868308163,41936.6086167736,157666.1762087,122994.472777234,99847.0884979155,114457.885698404
"2020-12-07",107177.910335899,55206.0228944345,78343.770765545,330714.847346939,136889.46739849,101500.389419961,130415.400635582,205411.944325783,278571.302146318,64083.7422611889,177876.603339389,42954.1247744049,62049.7225618126,105898.684258785,154448.625274618,50001.9002654239,283633.001157688,118776.647088378,159029.889388341,53116.4549808153,183338.958273601,68295.7168826917,81644.2960704672,40388.5792121784,115691.784921106,168738.798094224,78464.9461809546,70413.7609869841,112909.735342088,83145.8473747767,297617.723330842,127745.091850436,96004.3700243284,71584.3204275701,98724.5899529926,117002.260950121,138414.063575336,52597.5692552163,167205.498927537,144772.205095737,7162.60297603674,152918.161581606,99205.6364879514,119600.694020294,188911.792905218,120703.419936778,110329.447227391,100375.336901325,109663.298559487,42523.814701146,149683.685910479,132320.161305463,99498.8388145829,121536.523872132
"2020-12-14",106851.046043122,56619.0512108795,88398.2069726106,383818.70783274,143142.130597882,101152.2458242,123078.384507519,228626.559952226,278754.682054371,62749.147085581,178498.118837119,45516.7507945998,68663.5832006836,109771.468792659,174369.644399539,46428.2234257476,297139.031753819,118918.874849074,175204.134375023,54542.1345322452,193112.12905719,73459.7597910508,84412.4728190895,41890.2253770573,128441.420944346,174727.732852419,86784.4805252435,65284.3948985019,102861.702966081,89520.9172607436,326113.394712594,139399.316914565,93955.9127546488,71933.9267820354,109528.927489329,121033.793183801,162114.525324244,50191.0146826207,172246.791176706,157324.381349524,6188.71291443763,151010.796355754,106382.634804031,118131.037838761,186231.123338648,132288.470975468,119387.0030117,118673.663818142,108007.207043844,43853.60682318,154101.496786348,132299.634294218,100347.373653821,107974.534152647
"2020-12-21",109613.241502141,52380.5802839084,88770.2779361031,353004.975327735,139524.794382048,92260.904507485,110992.803700978,178491.46135843,244622.361540218,68757.7081567761,173918.905626145,42242.2068541597,63336.5862439028,94825.8549325938,176039.456013276,46800.0446130823,282570.011823157,97441.1042934245,148301.33856738,52522.7502635854,174898.224008031,73868.7071218969,82844.505400208,38699.0864415121,128272.069703168,147085.504231613,78019.5683429071,71985.6589348142,99074.474067,79503.1865143637,325108.53653335,131189.722395551,86941.0675618073,81448.0200026215,115365.816461336,108929.247501497,95290.6505639134,52208.0415302462,168587.069682231,169736.337919553,6803.00206482785,152395.490602262,113424.846324415,110316.210882249,197623.374807356,130220.651082617,85119.6158530387,117324.495328673,114954.434447998,42585.5970687639,129878.505803047,122825.652115369,97307.017662557,107568.715398119
"2020-12-28",92476.6160602716,43694.5364639792,79097.7887840036,319808.008376195,122231.438913181,77288.3793631441,94303.0085015276,165448.814269066,223340.250924336,60444.4163243665,139680.062910465,36599.5836887995,58114.8759313634,86548.4484978994,162469.201943574,44527.1693827165,264839.358081318,92400.1757195539,123809.99364514,39165.1066032447,146130.018368283,60713.3259470681,73186.5830672251,34555.8600114747,117022.908719119,141870.521058089,76012.805623099,69105.9440762678,80360.0852192149,70536.0379351367,287022.606797535,126469.619993909,84491.9858583003,69700.843247731,92641.4615777732,122666.000299963,85220.0972701287,50173.2362724081,160583.484343186,154293.336525227,4266.48768250032,138588.91884396,98926.0885847054,122663.219044697,200215.998048977,113281.98445812,89303.1376916556,91426.122691088,105670.875965037,38189.0987488194,122163.405559657,112863.433355521,81915.9830492035,90357.9664168958
"2021-01-04",95728.291408931,50140.7148483292,76896.4994954753,303933.243251989,136694.203930178,76126.1270802335,89849.4325823808,181871.050986511,219859.129374262,60328.5083818531,168868.640349107,39734.3515512603,60123.9805126641,84980.7768218925,154414.065118843,50248.6899021893,256105.69504988,96380.8261321793,122254.527587099,39090.8939734974,143393.470278743,66901.9955920658,83034.2931662135,36247.2344297588,116985.08013343,149064.153380638,65127.8898978171,72118.4549236673,85026.0393793821,70518.1579990631,263374.714128025,121169.368326562,89303.5249841658,60053.4206804892,91328.6841414435,113691.548722948,147774.914061919,44642.3087121637,140714.357671667,131763.503760922,4556.77688176285,138272.280735044,97799.3907327611,103972.112390299,167123.611650856,108368.5452506,105932.434399341,93297.6146275385,88507.7701056279,41111.5720473052,124433.543916516,115936.13711247,87209.6689305717,93941.8863663248
"2021-01-11",102089.213893106,50944.629122055,78498.9849784651,334762.33137232,134648.705696533,82576.1096521904,111559.317349528,171935.116869575,227968.91614468,56146.4733992196,147437.391349627,38770.7922912564,66527.4442962823,87456.089765433,152219.715574772,46040.9833751269,259071.085046341,100165.631111755,151622.846765835,50009.2382136092,161831.332358639,64297.9245733827,75550.3040204987,38099.8526514026,109834.532722909,162314.468473455,71795.6112671343,64062.431410334,88836.5492294135,72235.2655054965,265588.849907759,106616.600473412,81334.9169266661,69346.5042731274,93020.4067255258,111843.019943328,159458.071813078,42011.0866316392,145919.246220982,141293.532327948,3557.68390092137,140844.204822166,106984.958558925,101385.791540716,165616.716018893,115849.408961349,108111.43151274,92407.9919461293,98513.3698766992,42538.9195202222,132002.974191951,116638.497010234,84948.2304947704,99838.150565372
